1.503165577844238765e+00,0.000000000000000000e+00
1.426361142550139016e+00,5.000000000000000000e+00
1.343567768232235560e+00,1.000000000000000000e+01
1.257303990118326498e+00,1.500000000000000000e+01
1.169856201400978346e+00,2.000000000000000000e+01
1.083190503740992572e+00,2.500000000000000000e+01
9.989929071303415009e-01,3.000000000000000000e+01
9.178621880525402732e-01,3.500000000000000000e+01
8.417281783436397768e-01,4.000000000000000000e+01
7.720531114425603914e-01,4.500000000000000000e+01
7.095010742185922092e-01,5.000000000000000000e+01
6.544025536277968680e-01,5.500000000000000000e+01
6.075746058670111749e-01,6.000000000000000000e+01
5.695669436914612138e-01,6.500000000000000000e+01
5.407578475784031724e-01,7.000000000000000000e+01
5.214184816951784596e-01,7.500000000000000000e+01
5.116095690476317737e-01,8.000000000000000000e+01
5.111114418830243755e-01,8.500000000000000000e+01
5.692600934147163949e-01,9.000000000000000000e+01
5.752153326923875598e-01,9.500000000000000000e+01
5.719083958641321130e-01,1.000000000000000000e+02
5.608812551409740887e-01,1.050000000000000000e+02
5.435719298649085429e-01,1.100000000000000000e+02
5.214397451807361028e-01,1.150000000000000000e+02
4.958198400463862399e-01,1.200000000000000000e+02
4.677019563001865166e-01,1.250000000000000000e+02
4.379917446814222681e-01,1.300000000000000000e+02
4.068181974586153604e-01,1.350000000000000000e+02
3.492594621307787972e-01,1.400000000000000000e+02
3.012968874707034894e-01,1.450000000000000000e+02
2.752458791126912163e-01,1.500000000000000000e+02
2.550730849573528136e-01,1.550000000000000000e+02
2.403379521453271606e-01,1.600000000000000000e+02
2.308304022668438427e-01,1.650000000000000000e+02
2.257843985116979590e-01,1.700000000000000000e+02
2.240966345777701541e-01,1.750000000000000000e+02
2.245766123256391078e-01,1.800000000000000000e+02
2.260910199925744157e-01,1.850000000000000000e+02
2.276168219274931070e-01,1.900000000000000000e+02
2.282137502161800946e-01,1.950000000000000000e+02
2.276332577311927230e-01,2.000000000000000000e+02
2.259796879027596017e-01,2.050000000000000000e+02
2.213634922150282958e-01,2.100000000000000000e+02
2.100061607029379274e-01,2.150000000000000000e+02
2.056487957259767740e-01,2.200000000000000000e+02
2.046819729741266858e-01,2.250000000000000000e+02
2.058828875970578620e-01,2.300000000000000000e+02
2.093453405643016241e-01,2.350000000000000000e+02
2.147751089819283088e-01,2.400000000000000000e+02
2.202626731713275554e-01,2.450000000000000000e+02
2.219619472460768461e-01,2.500000000000000000e+02
2.207787458902578104e-01,2.550000000000000000e+02
2.187208147552165138e-01,2.600000000000000000e+02
2.164202931740244751e-01,2.650000000000000000e+02
2.121101217432795893e-01,2.700000000000000000e+02
2.060722105704482776e-01,2.750000000000000000e+02
2.013049474433327712e-01,2.800000000000000000e+02
1.982828911830540053e-01,2.850000000000000000e+02
1.971755824687160541e-01,2.900000000000000000e+02
2.005948691755627122e-01,2.950000000000000000e+02
2.057420271578352389e-01,3.000000000000000000e+02
2.053228908746520254e-01,3.050000000000000000e+02
2.031676661722464916e-01,3.100000000000000000e+02
1.989944357158627275e-01,3.150000000000000000e+02
1.928718734163571424e-01,3.200000000000000000e+02
1.851836052603997307e-01,3.250000000000000000e+02
1.765231357160400860e-01,3.300000000000000000e+02
1.675719236239031351e-01,3.350000000000000000e+02
1.590572500343289120e-01,3.400000000000000000e+02
1.511610628765868714e-01,3.450000000000000000e+02
1.439511991227552801e-01,3.500000000000000000e+02
1.377648842098921356e-01,3.550000000000000000e+02
1.326398863883263279e-01,3.600000000000000000e+02
1.286251457089834238e-01,3.650000000000000000e+02
1.258633862315971241e-01,3.700000000000000000e+02
1.242910018913412767e-01,3.750000000000000000e+02
1.244466951367170365e-01,3.800000000000000000e+02
1.267276809475620936e-01,3.850000000000000000e+02
1.350099281720750777e-01,3.900000000000000000e+02
1.654603811872673302e-01,3.950000000000000000e+02
1.669681352100512162e-01,4.000000000000000000e+02
1.652673263324699326e-01,4.050000000000000000e+02
1.601641045245151829e-01,4.100000000000000000e+02
1.517487710873669793e-01,4.150000000000000000e+02
1.258804210545172164e-01,4.200000000000000000e+02
1.067263413556531898e-01,4.250000000000000000e+02
9.536925392971123960e-02,4.300000000000000000e+02
8.546888515590676805e-02,4.350000000000000000e+02
7.741107086044220209e-02,4.400000000000000000e+02
7.126993277070871324e-02,4.450000000000000000e+02
6.736324266210994005e-02,4.500000000000000000e+02
6.562591478330270789e-02,4.550000000000000000e+02
6.560068723261928969e-02,4.600000000000000000e+02
6.701528328877172369e-02,4.650000000000000000e+02
7.157061095551668639e-02,4.700000000000000000e+02
7.463694303421247733e-02,4.750000000000000000e+02
7.636727989599507993e-02,4.800000000000000000e+02
8.077623048259031935e-02,4.850000000000000000e+02
9.176862445891810494e-02,4.900000000000000000e+02
9.189612047194364863e-02,4.950000000000000000e+02
9.096479834236967377e-02,5.000000000000000000e+02
8.956508663002259174e-02,5.050000000000000000e+02
8.791683975402185547e-02,5.100000000000000000e+02
8.617011760436628365e-02,5.150000000000000000e+02
8.406177989840771247e-02,5.200000000000000000e+02
7.766820289582203329e-02,5.250000000000000000e+02
7.261701490248524682e-02,5.300000000000000000e+02
7.035114002429969371e-02,5.350000000000000000e+02
7.138894923336092102e-02,5.400000000000000000e+02
7.382741009342630445e-02,5.450000000000000000e+02
7.640511995678794799e-02,5.500000000000000000e+02
7.675865769033095309e-02,5.550000000000000000e+02
7.606947672269455396e-02,5.600000000000000000e+02
7.530521435022312360e-02,5.650000000000000000e+02
7.469865501104751282e-02,5.700000000000000000e+02
7.456458533393847676e-02,5.750000000000000000e+02
7.509128306950831055e-02,5.800000000000000000e+02
7.640705576023285039e-02,5.850000000000000000e+02
7.851325004748739567e-02,5.900000000000000000e+02
8.132914383623784937e-02,5.950000000000000000e+02
8.525179172174679465e-02,6.000000000000000000e+02
9.047567188141224237e-02,6.050000000000000000e+02
9.721030477670607184e-02,6.100000000000000000e+02
1.025841880668948852e-01,6.150000000000000000e+02
1.047960956910532898e-01,6.200000000000000000e+02
1.054153734520648783e-01,6.250000000000000000e+02
1.042994024767624345e-01,6.300000000000000000e+02
1.015791655229492663e-01,6.350000000000000000e+02
9.543015291537093603e-02,6.400000000000000000e+02
8.609080420228318320e-02,6.450000000000000000e+02
8.277636533333178337e-02,6.500000000000000000e+02
8.114416814502492525e-02,6.550000000000000000e+02
8.128277926167805367e-02,6.600000000000000000e+02
8.319776926613019208e-02,6.650000000000000000e+02
9.687940109790646459e-02,6.700000000000000000e+02
1.190665536165305682e-01,6.750000000000000000e+02
1.197906411153447370e-01,6.800000000000000000e+02
1.187708073259536035e-01,6.850000000000000000e+02
1.128707776545852665e-01,6.900000000000000000e+02
1.040674693739596368e-01,6.950000000000000000e+02
9.612492444139980607e-02,7.000000000000000000e+02
8.964592511911233241e-02,7.050000000000000000e+02
8.531669537284182481e-02,7.100000000000000000e+02
8.208816537890886722e-02,7.150000000000000000e+02
7.986424758349403019e-02,7.200000000000000000e+02
7.850990754045314435e-02,7.250000000000000000e+02
7.777613306803705939e-02,7.300000000000000000e+02
7.731272586422560655e-02,7.350000000000000000e+02
7.671067557543154170e-02,7.400000000000000000e+02
7.557035459294757229e-02,7.450000000000000000e+02
7.357965800633224640e-02,7.500000000000000000e+02
7.071589565448750669e-02,7.550000000000000000e+02
5.951111173344920957e-02,7.600000000000000000e+02
5.405316834078961741e-02,7.650000000000000000e+02
5.227510797608663634e-02,7.700000000000000000e+02
5.174220930806951169e-02,7.750000000000000000e+02
5.259508027653929385e-02,7.800000000000000000e+02
5.515794145357753170e-02,7.850000000000000000e+02
6.013792408493000285e-02,7.900000000000000000e+02
6.529917779171481862e-02,7.950000000000000000e+02
6.988775857422163673e-02,8.000000000000000000e+02
7.353316962227063325e-02,8.050000000000000000e+02
7.691566825806873953e-02,8.100000000000000000e+02
7.994897501086155323e-02,8.150000000000000000e+02
8.288340230385067564e-02,8.200000000000000000e+02
8.589861314760714739e-02,8.250000000000000000e+02
8.049381509074571284e-02,8.300000000000000000e+02
7.542233209628425306e-02,8.350000000000000000e+02
7.431151815365358293e-02,8.400000000000000000e+02
7.408408426655961609e-02,8.450000000000000000e+02
7.442349382291570115e-02,8.500000000000000000e+02
7.535565060036099327e-02,8.550000000000000000e+02
7.680301374549264315e-02,8.600000000000000000e+02
7.893159548301063866e-02,8.650000000000000000e+02
8.167487496055789165e-02,8.700000000000000000e+02
8.502855899064495904e-02,8.750000000000000000e+02
8.874072082991722732e-02,8.800000000000000000e+02
9.461208002570180298e-02,8.850000000000000000e+02
1.088431675221742667e-01,8.900000000000000000e+02
1.206747514715419412e-01,8.950000000000000000e+02
1.195233461571651307e-01,9.000000000000000000e+02
1.150225783799646434e-01,9.050000000000000000e+02
1.065143835795745592e-01,9.100000000000000000e+02
1.016572065182824863e-01,9.150000000000000000e+02
9.689690561031436000e-02,9.200000000000000000e+02
9.207332121058650620e-02,9.250000000000000000e+02
8.810076698488056302e-02,9.300000000000000000e+02
8.521228119248672184e-02,9.350000000000000000e+02
8.335521313919491693e-02,9.400000000000000000e+02
8.291290101426632142e-02,9.450000000000000000e+02
8.169217337036038806e-02,9.500000000000000000e+02
8.460643811239798584e-02,9.550000000000000000e+02
9.034446654479809380e-02,9.600000000000000000e+02
9.570621347227109554e-02,9.650000000000000000e+02
9.731769909515003425e-02,9.700000000000000000e+02
9.858917287067811563e-02,9.750000000000000000e+02
9.935059624439569748e-02,9.800000000000000000e+02
9.971873113379399467e-02,9.850000000000000000e+02
9.995650530366352593e-02,9.900000000000000000e+02
1.002337344642420802e-01,9.950000000000000000e+02
1.010584205976410577e-01,1.000000000000000000e+03
1.061340240594112333e-01,1.005000000000000000e+03
1.146154610184812322e-01,1.010000000000000000e+03
1.105325054185572475e-01,1.015000000000000000e+03
1.058108112545314561e-01,1.020000000000000000e+03
1.007907051154247197e-01,1.025000000000000000e+03
9.579277172725077227e-02,1.030000000000000000e+03
9.093582839482894364e-02,1.035000000000000000e+03
8.600794909972557523e-02,1.040000000000000000e+03
8.081556224721007931e-02,1.045000000000000000e+03
7.550570933480545144e-02,1.050000000000000000e+03
7.052079213708371819e-02,1.055000000000000000e+03
6.631081543567207692e-02,1.060000000000000000e+03
6.325363845455098111e-02,1.065000000000000000e+03
6.161620454664934465e-02,1.070000000000000000e+03
6.149305900697211308e-02,1.075000000000000000e+03
6.286921359013521171e-02,1.080000000000000000e+03
6.777965983445738418e-02,1.085000000000000000e+03
7.316249268875046896e-02,1.090000000000000000e+03
7.112198437638360404e-02,1.095000000000000000e+03
6.699162872623351528e-02,1.100000000000000000e+03
6.485150852105844854e-02,1.105000000000000000e+03
6.349136776197153442e-02,1.110000000000000000e+03
6.246307725386889692e-02,1.115000000000000000e+03
6.196713730717502006e-02,1.120000000000000000e+03
6.195621802592128635e-02,1.125000000000000000e+03
6.223313419707472705e-02,1.130000000000000000e+03
6.277762555544795509e-02,1.135000000000000000e+03
6.351265062464792055e-02,1.140000000000000000e+03
6.353001325748568184e-02,1.145000000000000000e+03
6.260205429228844765e-02,1.150000000000000000e+03
6.203848308565926284e-02,1.155000000000000000e+03
6.293862501613349536e-02,1.160000000000000000e+03
6.476144558635077431e-02,1.165000000000000000e+03
6.757467542806631922e-02,1.170000000000000000e+03
7.125839877400014233e-02,1.175000000000000000e+03
7.312315577900189989e-02,1.180000000000000000e+03
7.284015758114675831e-02,1.185000000000000000e+03
7.426097575378839966e-02,1.190000000000000000e+03
7.487886485559676342e-02,1.195000000000000000e+03
7.344774348126639762e-02,1.200000000000000000e+03
7.084227885548863290e-02,1.205000000000000000e+03
6.703619309809025206e-02,1.210000000000000000e+03
6.233389613664144790e-02,1.215000000000000000e+03
5.734660718711045296e-02,1.220000000000000000e+03
5.276277659840501733e-02,1.225000000000000000e+03
4.891175359892516866e-02,1.230000000000000000e+03
4.562718542966922447e-02,1.235000000000000000e+03
4.280372154598609258e-02,1.240000000000000000e+03
4.020973138494746829e-02,1.245000000000000000e+03
3.778887548810586083e-02,1.250000000000000000e+03
3.634865095234364463e-02,1.255000000000000000e+03
3.611253843974790434e-02,1.260000000000000000e+03
3.715725615726458986e-02,1.265000000000000000e+03
3.947445236307605548e-02,1.270000000000000000e+03
4.288958898091038002e-02,1.275000000000000000e+03
4.502202577260045607e-02,1.280000000000000000e+03
4.595043136464014438e-02,1.285000000000000000e+03
4.651578630146834675e-02,1.290000000000000000e+03
4.690405537640310318e-02,1.295000000000000000e+03
4.710009784655538878e-02,1.300000000000000000e+03
4.735679956126809947e-02,1.305000000000000000e+03
4.399260896842221991e-02,1.310000000000000000e+03
3.866539680451215599e-02,1.315000000000000000e+03
3.336933587072703905e-02,1.320000000000000000e+03
2.878374359474387273e-02,1.325000000000000000e+03
2.609048767029843383e-02,1.330000000000000000e+03
2.500392049691537236e-02,1.335000000000000000e+03
2.518306917031430670e-02,1.340000000000000000e+03
2.674304760578842879e-02,1.345000000000000000e+03
3.198784355795945833e-02,1.350000000000000000e+03
4.086348210879958004e-02,1.355000000000000000e+03
4.606361818887511755e-02,1.360000000000000000e+03
4.626504678227592177e-02,1.365000000000000000e+03
4.482933553453150727e-02,1.370000000000000000e+03
4.250484969957636638e-02,1.375000000000000000e+03
4.063330293155095752e-02,1.380000000000000000e+03
3.958857493177318776e-02,1.385000000000000000e+03
3.951390191467975960e-02,1.390000000000000000e+03
4.049586117006026553e-02,1.395000000000000000e+03
4.277445111206409217e-02,1.400000000000000000e+03
4.361189254752424055e-02,1.405000000000000000e+03
4.349652809628686001e-02,1.410000000000000000e+03
4.310089548403264748e-02,1.415000000000000000e+03
4.247451053444190050e-02,1.420000000000000000e+03
4.185277441097663698e-02,1.425000000000000000e+03
4.132682978884145292e-02,1.430000000000000000e+03
4.084121602901312487e-02,1.435000000000000000e+03
4.020258214562648369e-02,1.440000000000000000e+03
3.560095638949729857e-02,1.445000000000000000e+03
3.007889659217186096e-02,1.450000000000000000e+03
2.578360119449164128e-02,1.455000000000000000e+03
2.357893323757136519e-02,1.460000000000000000e+03
2.435859318124946465e-02,1.465000000000000000e+03
2.693263150010026877e-02,1.470000000000000000e+03
3.040208755413408362e-02,1.475000000000000000e+03
3.387029104106086680e-02,1.480000000000000000e+03
3.632558545519773419e-02,1.485000000000000000e+03
3.753728184310398813e-02,1.490000000000000000e+03
3.887244389715927700e-02,1.495000000000000000e+03
4.201898056645645557e-02,1.500000000000000000e+03
4.958187246472229442e-02,1.505000000000000000e+03
6.407412046489303903e-02,1.510000000000000000e+03
6.433929672009282286e-02,1.515000000000000000e+03
6.261494371483249111e-02,1.520000000000000000e+03
6.023187404106849357e-02,1.525000000000000000e+03
5.729135743022228250e-02,1.530000000000000000e+03
5.424027201319692182e-02,1.535000000000000000e+03
4.681297432466668962e-02,1.540000000000000000e+03
3.810501601196819577e-02,1.545000000000000000e+03
3.211758345214908716e-02,1.550000000000000000e+03
2.937914924142469991e-02,1.555000000000000000e+03
2.793088630735141020e-02,1.560000000000000000e+03
2.731474855973427610e-02,1.565000000000000000e+03
2.738697339705964059e-02,1.570000000000000000e+03
2.957405035074639477e-02,1.575000000000000000e+03
3.004160110238804360e-02,1.580000000000000000e+03
3.193402501392278436e-02,1.585000000000000000e+03
2.833030881561292638e-02,1.590000000000000000e+03
2.513402633505667713e-02,1.595000000000000000e+03
2.315504569570465965e-02,1.600000000000000000e+03
2.210743605308570017e-02,1.605000000000000000e+03
2.199520645428101537e-02,1.610000000000000000e+03
2.294986206983404622e-02,1.615000000000000000e+03
2.536093850355181784e-02,1.620000000000000000e+03
3.182266301186834762e-02,1.625000000000000000e+03
4.205413695340511765e-02,1.630000000000000000e+03
5.200896273121934782e-02,1.635000000000000000e+03
5.790616455371429272e-02,1.640000000000000000e+03
5.093171825392894814e-02,1.645000000000000000e+03
4.192421344373026271e-02,1.650000000000000000e+03
4.119324766802243826e-02,1.655000000000000000e+03
4.151886375146469910e-02,1.660000000000000000e+03
4.247132943143464706e-02,1.665000000000000000e+03
4.338634874793226986e-02,1.670000000000000000e+03
4.402141352546060094e-02,1.675000000000000000e+03
4.404424546922595940e-02,1.680000000000000000e+03
4.321902626260543112e-02,1.685000000000000000e+03
4.153943011299055660e-02,1.690000000000000000e+03
3.455524963091596152e-02,1.695000000000000000e+03
2.904487537298065455e-02,1.700000000000000000e+03
2.667681694249006766e-02,1.705000000000000000e+03
2.872697889317107553e-02,1.710000000000000000e+03
3.232991754540622681e-02,1.715000000000000000e+03
3.588478760142693041e-02,1.720000000000000000e+03
3.587354808012992169e-02,1.725000000000000000e+03
3.522664169412045854e-02,1.730000000000000000e+03
3.448074881817460996e-02,1.735000000000000000e+03
3.383041447320019740e-02,1.740000000000000000e+03
3.349707040116974011e-02,1.745000000000000000e+03
3.363454800009625656e-02,1.750000000000000000e+03
3.424658618032749846e-02,1.755000000000000000e+03
3.520449485224692171e-02,1.760000000000000000e+03
3.639825223203755483e-02,1.765000000000000000e+03
3.788490173900039421e-02,1.770000000000000000e+03
3.974442606798530425e-02,1.775000000000000000e+03
4.224409790668884335e-02,1.780000000000000000e+03
4.609992982248996979e-02,1.785000000000000000e+03
5.256452332947585127e-02,1.790000000000000000e+03
6.444261954651718527e-02,1.795000000000000000e+03
6.841631781924790989e-02,1.800000000000000000e+03
6.798016040017727801e-02,1.805000000000000000e+03
6.638718136970539474e-02,1.810000000000000000e+03
6.088613418189374460e-02,1.815000000000000000e+03
5.124077187621096235e-02,1.820000000000000000e+03
4.531205099810295400e-02,1.825000000000000000e+03
4.299782198470041006e-02,1.830000000000000000e+03
4.240188829869492165e-02,1.835000000000000000e+03
4.288241035014222352e-02,1.840000000000000000e+03
4.626337808016014325e-02,1.845000000000000000e+03
5.109517540084802106e-02,1.850000000000000000e+03
5.691647495548605995e-02,1.855000000000000000e+03
6.048594968204826228e-02,1.860000000000000000e+03
6.138358515958978329e-02,1.865000000000000000e+03
6.185740054144447247e-02,1.870000000000000000e+03
6.203624983610571408e-02,1.875000000000000000e+03
6.208864059166882554e-02,1.880000000000000000e+03
6.213493273911452341e-02,1.885000000000000000e+03
6.302075075771326751e-02,1.890000000000000000e+03
7.064770202874853799e-02,1.895000000000000000e+03
7.802704143268041070e-02,1.900000000000000000e+03
7.246356532364703340e-02,1.905000000000000000e+03
6.701120828703116539e-02,1.910000000000000000e+03
6.174354002432153737e-02,1.915000000000000000e+03
5.668369021785548550e-02,1.920000000000000000e+03
5.190337760453030136e-02,1.925000000000000000e+03
4.760704068216859569e-02,1.930000000000000000e+03
4.405083783266358632e-02,1.935000000000000000e+03
4.140396821751202855e-02,1.940000000000000000e+03
3.962621398364184894e-02,1.945000000000000000e+03
3.877710779151641307e-02,1.950000000000000000e+03
3.894056683197085617e-02,1.955000000000000000e+03
4.073185718259044602e-02,1.960000000000000000e+03
4.300468071141873988e-02,1.965000000000000000e+03
4.572721273275406895e-02,1.970000000000000000e+03
4.912624903585148528e-02,1.975000000000000000e+03
5.336945094590550553e-02,1.980000000000000000e+03
5.853450760146321902e-02,1.985000000000000000e+03
6.457784277186133515e-02,1.990000000000000000e+03
7.135555854359890149e-02,1.995000000000000000e+03
7.863025129635661803e-02,2.000000000000000000e+03
8.611510510073980273e-02,2.005000000000000000e+03
9.349678161595052772e-02,2.010000000000000000e+03
9.946711238936473132e-02,2.015000000000000000e+03
1.027430907301220553e-01,2.020000000000000000e+03
1.046481257877599769e-01,2.025000000000000000e+03
1.051322743706829960e-01,2.030000000000000000e+03
9.941234193811697428e-02,2.035000000000000000e+03
8.711071592942272457e-02,2.040000000000000000e+03
8.600919865266264119e-02,2.045000000000000000e+03
8.704436671545855153e-02,2.050000000000000000e+03
8.982747151020085974e-02,2.055000000000000000e+03
9.492104440281184941e-02,2.060000000000000000e+03
1.042398564782254788e-01,2.065000000000000000e+03
1.196336604307967899e-01,2.070000000000000000e+03
1.375811970956126451e-01,2.075000000000000000e+03
1.440514297695688062e-01,2.080000000000000000e+03
1.473296500325140812e-01,2.085000000000000000e+03
1.496078837478928558e-01,2.090000000000000000e+03
1.512084005788071894e-01,2.095000000000000000e+03
1.522804511722252174e-01,2.100000000000000000e+03
1.530325122598518439e-01,2.105000000000000000e+03
1.534672361363841886e-01,2.110000000000000000e+03
1.535777975762719627e-01,2.115000000000000000e+03
1.532892305919068276e-01,2.120000000000000000e+03
1.524801572174261932e-01,2.125000000000000000e+03
1.510236174794000186e-01,2.130000000000000000e+03
1.488310523818063558e-01,2.135000000000000000e+03
1.402517708621125736e-01,2.140000000000000000e+03
1.319801765566432639e-01,2.145000000000000000e+03
1.284411862579287744e-01,2.150000000000000000e+03
1.283928006786005660e-01,2.155000000000000000e+03
1.303891789805773915e-01,2.160000000000000000e+03
1.336031026634710850e-01,2.165000000000000000e+03
1.364724658441667793e-01,2.170000000000000000e+03
1.383578980245539769e-01,2.175000000000000000e+03
1.398639300770993521e-01,2.180000000000000000e+03
1.413021070995176265e-01,2.185000000000000000e+03
1.429182605825366770e-01,2.190000000000000000e+03
1.453872787388131027e-01,2.195000000000000000e+03
1.493587999187909743e-01,2.200000000000000000e+03
1.554843010072394505e-01,2.205000000000000000e+03
1.640060883381032897e-01,2.210000000000000000e+03
1.691539801206364824e-01,2.215000000000000000e+03
1.746500785824953716e-01,2.220000000000000000e+03
1.803206190178423263e-01,2.225000000000000000e+03
1.859953212061741523e-01,2.230000000000000000e+03
1.913835872597901833e-01,2.235000000000000000e+03
1.962174326831782889e-01,2.240000000000000000e+03
2.000374580405467062e-01,2.245000000000000000e+03
2.027505494680771347e-01,2.250000000000000000e+03
2.042601969421701524e-01,2.255000000000000000e+03
2.045144089321561387e-01,2.260000000000000000e+03
2.033961725989771041e-01,2.265000000000000000e+03
2.001576636491431693e-01,2.270000000000000000e+03
1.815689861085106882e-01,2.275000000000000000e+03
1.776561422177976302e-01,2.280000000000000000e+03
1.849322575731187634e-01,2.285000000000000000e+03
2.108513355991994409e-01,2.290000000000000000e+03
2.135873086971036006e-01,2.295000000000000000e+03
2.144804229902590453e-01,2.300000000000000000e+03
2.145169536288937251e-01,2.305000000000000000e+03
2.130867543845931245e-01,2.310000000000000000e+03
2.117361358271482863e-01,2.315000000000000000e+03
2.106572685430002367e-01,2.320000000000000000e+03
2.101392400460363186e-01,2.325000000000000000e+03
2.103142054423024210e-01,2.330000000000000000e+03
2.110580762340785455e-01,2.335000000000000000e+03
2.120793264177665560e-01,2.340000000000000000e+03
2.129629035522369873e-01,2.345000000000000000e+03
2.132301269328861493e-01,2.350000000000000000e+03
2.124293979879642857e-01,2.355000000000000000e+03
2.102105467433592612e-01,2.360000000000000000e+03
2.063909201375534186e-01,2.365000000000000000e+03
1.958852626588186707e-01,2.370000000000000000e+03
1.830212021613457640e-01,2.375000000000000000e+03
1.783447018627364045e-01,2.380000000000000000e+03
1.769061386480243470e-01,2.385000000000000000e+03
1.776672904644708006e-01,2.390000000000000000e+03
1.806211507077310763e-01,2.395000000000000000e+03
1.882750562952070217e-01,2.400000000000000000e+03
1.963655362591388287e-01,2.405000000000000000e+03
1.998688611620412503e-01,2.410000000000000000e+03
2.001408679746163877e-01,2.415000000000000000e+03
1.999648727376092949e-01,2.420000000000000000e+03
1.996996795567483884e-01,2.425000000000000000e+03
1.969580624109260603e-01,2.430000000000000000e+03
1.962775644049132573e-01,2.435000000000000000e+03
1.941088207829701207e-01,2.440000000000000000e+03
1.908582267277890987e-01,2.445000000000000000e+03
1.887713561951141761e-01,2.450000000000000000e+03
1.877843850427957095e-01,2.455000000000000000e+03
1.870260011102929387e-01,2.460000000000000000e+03
1.863421647561445127e-01,2.465000000000000000e+03
1.855030311546402577e-01,2.470000000000000000e+03
1.842568370979968395e-01,2.475000000000000000e+03
1.824299774288487552e-01,2.480000000000000000e+03
1.797126609639277672e-01,2.485000000000000000e+03
1.762848495969808194e-01,2.490000000000000000e+03
1.724743116803016951e-01,2.495000000000000000e+03
1.686169397952301252e-01,2.500000000000000000e+03
1.650856770860604505e-01,2.505000000000000000e+03
1.620169557588786169e-01,2.510000000000000000e+03
1.604262647172161327e-01,2.515000000000000000e+03
1.631366964215137383e-01,2.520000000000000000e+03
1.751495248512044689e-01,2.525000000000000000e+03
1.735397349774251974e-01,2.530000000000000000e+03
1.712427368921979332e-01,2.535000000000000000e+03
1.679052844785702270e-01,2.540000000000000000e+03
1.629052659699797012e-01,2.545000000000000000e+03
1.562067621733881639e-01,2.550000000000000000e+03
1.482575060327320227e-01,2.555000000000000000e+03
1.400026341294595689e-01,2.560000000000000000e+03
1.326107111196312138e-01,2.565000000000000000e+03
1.251250571803768641e-01,2.570000000000000000e+03
1.174718551263588401e-01,2.575000000000000000e+03
1.099377979519105819e-01,2.580000000000000000e+03
1.027932155017955845e-01,2.585000000000000000e+03
9.631780572341136493e-02,2.590000000000000000e+03
9.080970852417027950e-02,2.595000000000000000e+03
8.650214877712904260e-02,2.600000000000000000e+03
8.342509620279177363e-02,2.605000000000000000e+03
8.174709883737986404e-02,2.610000000000000000e+03
8.142791170263673217e-02,2.615000000000000000e+03
8.235717793234924311e-02,2.620000000000000000e+03
8.626031408878793993e-02,2.625000000000000000e+03
9.636304192305360228e-02,2.630000000000000000e+03
9.427272898802784018e-02,2.635000000000000000e+03
8.604945421703405484e-02,2.640000000000000000e+03
7.999287047243165694e-02,2.645000000000000000e+03
7.695200852786511503e-02,2.650000000000000000e+03
7.598052312878965375e-02,2.655000000000000000e+03
7.672503702891808608e-02,2.660000000000000000e+03
7.967215268138354289e-02,2.665000000000000000e+03
8.862388849216958076e-02,2.670000000000000000e+03
9.704453926442134504e-02,2.675000000000000000e+03
1.007001652677217973e-01,2.680000000000000000e+03
1.042583045225697613e-01,2.685000000000000000e+03
1.079146042789194543e-01,2.690000000000000000e+03
1.131034593985789372e-01,2.695000000000000000e+03
1.216597412588969335e-01,2.700000000000000000e+03
1.284199816246535397e-01,2.705000000000000000e+03
1.278976600327247082e-01,2.710000000000000000e+03
1.204061827475662455e-01,2.715000000000000000e+03
1.114799999054303797e-01,2.720000000000000000e+03
1.076955694680129388e-01,2.725000000000000000e+03
1.043303907458504737e-01,2.730000000000000000e+03
1.013428655566495501e-01,2.735000000000000000e+03
9.875539147377214444e-02,2.740000000000000000e+03
9.584654713392415371e-02,2.745000000000000000e+03
9.005465198633239021e-02,2.750000000000000000e+03
8.617372709330237135e-02,2.755000000000000000e+03
8.478200950407174807e-02,2.760000000000000000e+03
8.650351635646180704e-02,2.765000000000000000e+03
8.887821595243301787e-02,2.770000000000000000e+03
9.026059166243188825e-02,2.775000000000000000e+03
9.065088208466583197e-02,2.780000000000000000e+03
9.083164629678515400e-02,2.785000000000000000e+03
9.022717332358702602e-02,2.790000000000000000e+03
8.992269631263988261e-02,2.795000000000000000e+03
9.366232332982950270e-02,2.800000000000000000e+03
1.017276884066565107e-01,2.805000000000000000e+03
1.139437982734479438e-01,2.810000000000000000e+03
1.158943643903418280e-01,2.815000000000000000e+03
1.176947273451085657e-01,2.820000000000000000e+03
1.191176124492808325e-01,2.825000000000000000e+03
1.196717086062994567e-01,2.830000000000000000e+03
1.189284777517196218e-01,2.835000000000000000e+03
1.166020250213200132e-01,2.840000000000000000e+03
1.126032551803099330e-01,2.845000000000000000e+03
1.070558392167643147e-01,2.850000000000000000e+03
9.371121061055298629e-02,2.855000000000000000e+03
8.061122929085927369e-02,2.860000000000000000e+03
7.263440184109602737e-02,2.865000000000000000e+03
6.749714422235554567e-02,2.870000000000000000e+03
6.358465455747870643e-02,2.875000000000000000e+03
6.083228464093980159e-02,2.880000000000000000e+03
5.929305562214375047e-02,2.885000000000000000e+03
5.901722230331524904e-02,2.890000000000000000e+03
6.155341060041635837e-02,2.895000000000000000e+03
6.781963074399185998e-02,2.900000000000000000e+03
7.505475094572573724e-02,2.905000000000000000e+03
7.606699492818577713e-02,2.910000000000000000e+03
7.623969855627558967e-02,2.915000000000000000e+03
7.559485890075387515e-02,2.920000000000000000e+03
7.400651284848402955e-02,2.925000000000000000e+03
7.180731061432148177e-02,2.930000000000000000e+03
6.936871515033569968e-02,2.935000000000000000e+03
6.703951821386029686e-02,2.940000000000000000e+03
6.514272705662217666e-02,2.945000000000000000e+03
6.428950432955492233e-02,2.950000000000000000e+03
6.454887780650093998e-02,2.955000000000000000e+03
6.769430505234076689e-02,2.960000000000000000e+03
8.134067975990420807e-02,2.965000000000000000e+03
9.109367030975491775e-02,2.970000000000000000e+03
9.017393312791398274e-02,2.975000000000000000e+03
8.141945556823343422e-02,2.980000000000000000e+03
7.229009208758672977e-02,2.985000000000000000e+03
6.882390967153090289e-02,2.990000000000000000e+03
6.842596417477454784e-02,2.995000000000000000e+03
7.002995706789609531e-02,3.000000000000000000e+03
7.336569700556172524e-02,3.005000000000000000e+03
7.794534127298445580e-02,3.010000000000000000e+03
8.317251006274489766e-02,3.015000000000000000e+03
8.847012435322693102e-02,3.020000000000000000e+03
9.339858134409753654e-02,3.025000000000000000e+03
9.773801826436524787e-02,3.030000000000000000e+03
1.015177676628361003e-01,3.035000000000000000e+03
1.049790200542599777e-01,3.040000000000000000e+03
1.103180719983269803e-01,3.045000000000000000e+03
1.182690824620853537e-01,3.050000000000000000e+03
1.262224749422127812e-01,3.055000000000000000e+03
1.274146896605824475e-01,3.060000000000000000e+03
1.271382384319154069e-01,3.065000000000000000e+03
1.255304755185105980e-01,3.070000000000000000e+03
1.227596157646973635e-01,3.075000000000000000e+03
1.195863455952110854e-01,3.080000000000000000e+03
1.086925308422878600e-01,3.085000000000000000e+03
1.025707215851344861e-01,3.090000000000000000e+03
1.009790855928261455e-01,3.095000000000000000e+03
1.019520797927210565e-01,3.100000000000000000e+03
1.094814001048000779e-01,3.105000000000000000e+03
1.229309720810596168e-01,3.110000000000000000e+03
1.341995226886589232e-01,3.115000000000000000e+03
1.341319573493762185e-01,3.120000000000000000e+03
1.336431028475909000e-01,3.125000000000000000e+03
1.331693444470601617e-01,3.130000000000000000e+03
1.327906494329831322e-01,3.135000000000000000e+03
1.327369835510754659e-01,3.140000000000000000e+03
1.331671427514622141e-01,3.145000000000000000e+03
1.332837719957974676e-01,3.150000000000000000e+03
1.334396757149007573e-01,3.155000000000000000e+03
1.339038684597739781e-01,3.160000000000000000e+03
1.345060859303181811e-01,3.165000000000000000e+03
1.350155676301295071e-01,3.170000000000000000e+03
1.351860752021956935e-01,3.175000000000000000e+03
1.347353150807736877e-01,3.180000000000000000e+03
1.333947674889361112e-01,3.185000000000000000e+03
1.307685765825208069e-01,3.190000000000000000e+03
1.199486116860430107e-01,3.195000000000000000e+03
1.123662054996265175e-01,3.200000000000000000e+03
1.069302320090010777e-01,3.205000000000000000e+03
1.028764641479688463e-01,3.210000000000000000e+03
9.941242298045108172e-02,3.215000000000000000e+03
9.642792908333364110e-02,3.220000000000000000e+03
9.418561852882224861e-02,3.225000000000000000e+03
9.302596761739367892e-02,3.230000000000000000e+03
9.477196822495416451e-02,3.235000000000000000e+03
1.046572836836302950e-01,3.240000000000000000e+03
1.064155655542506212e-01,3.245000000000000000e+03
1.053747066939348803e-01,3.250000000000000000e+03
1.032753057410132208e-01,3.255000000000000000e+03
1.004562261892862629e-01,3.260000000000000000e+03
9.727783684639083883e-02,3.265000000000000000e+03
9.409785492927616457e-02,3.270000000000000000e+03
9.123544862990805304e-02,3.275000000000000000e+03
8.899063793300200642e-02,3.280000000000000000e+03
8.755454702943847589e-02,3.285000000000000000e+03
8.705884590781794163e-02,3.290000000000000000e+03
8.761106994167837392e-02,3.295000000000000000e+03
8.907299451615405261e-02,3.300000000000000000e+03
9.130443211043556828e-02,3.305000000000000000e+03
9.403865985928620830e-02,3.310000000000000000e+03
9.691253902020878497e-02,3.315000000000000000e+03
9.961574401165237957e-02,3.320000000000000000e+03
1.023188219962304357e-01,3.325000000000000000e+03
1.077341954229869558e-01,3.330000000000000000e+03
1.083135015372164861e-01,3.335000000000000000e+03
1.145232534150428250e-01,3.340000000000000000e+03
1.180749490933816898e-01,3.345000000000000000e+03
1.189022354544335691e-01,3.350000000000000000e+03
1.199840028290323907e-01,3.355000000000000000e+03
1.210376138518965417e-01,3.360000000000000000e+03
1.217099391236328293e-01,3.365000000000000000e+03
1.214192752428981809e-01,3.370000000000000000e+03
1.206214129915058608e-01,3.375000000000000000e+03
1.191283706892198591e-01,3.380000000000000000e+03
1.168215918781577434e-01,3.385000000000000000e+03
1.114873968551161748e-01,3.390000000000000000e+03
1.046171329243197057e-01,3.395000000000000000e+03
9.740957890552325027e-02,3.400000000000000000e+03
9.007266437430677675e-02,3.405000000000000000e+03
8.295188770434609726e-02,3.410000000000000000e+03
7.647360243841104521e-02,3.415000000000000000e+03
7.059777740287731529e-02,3.420000000000000000e+03
6.548732919586626455e-02,3.425000000000000000e+03
6.165295874020706307e-02,3.430000000000000000e+03
5.946017990192265651e-02,3.435000000000000000e+03
5.905229114745632474e-02,3.440000000000000000e+03
6.024497457852468624e-02,3.445000000000000000e+03
6.301684141546359808e-02,3.450000000000000000e+03
6.819069255628544546e-02,3.455000000000000000e+03
7.267395717794301879e-02,3.460000000000000000e+03
7.525729659672875105e-02,3.465000000000000000e+03
6.983092343461969054e-02,3.470000000000000000e+03
6.656069406977695169e-02,3.475000000000000000e+03
6.634323213457594959e-02,3.480000000000000000e+03
6.756016078274405812e-02,3.485000000000000000e+03
6.978565712946985244e-02,3.490000000000000000e+03
7.271022631001217151e-02,3.495000000000000000e+03
7.588311946994351354e-02,3.500000000000000000e+03
7.883851034490026166e-02,3.505000000000000000e+03
8.126940481705363650e-02,3.510000000000000000e+03
8.324592353638821107e-02,3.515000000000000000e+03
8.521977302674763055e-02,3.520000000000000000e+03
8.775285234602085704e-02,3.525000000000000000e+03
8.958376705808424045e-02,3.530000000000000000e+03
9.084635608966779019e-02,3.535000000000000000e+03
9.137820152078895974e-02,3.540000000000000000e+03
9.085766143568087261e-02,3.545000000000000000e+03
8.913564685492855744e-02,3.550000000000000000e+03
8.649679783033079050e-02,3.555000000000000000e+03
8.363882420723352251e-02,3.560000000000000000e+03
7.825750169366516018e-02,3.565000000000000000e+03
7.307172794133193205e-02,3.570000000000000000e+03
6.951316891542042020e-02,3.575000000000000000e+03
6.762553886366573508e-02,3.580000000000000000e+03
7.792838191694946570e-02,3.585000000000000000e+03
8.722059956516055312e-02,3.590000000000000000e+03
8.419226217685085722e-02,3.595000000000000000e+03
8.091557168808174993e-02,3.600000000000000000e+03
7.776850478751277940e-02,3.605000000000000000e+03
7.459029028034351583e-02,3.610000000000000000e+03
7.153297459742948006e-02,3.615000000000000000e+03
6.834004761390398419e-02,3.620000000000000000e+03
6.358261574243861958e-02,3.625000000000000000e+03
5.846236259699498505e-02,3.630000000000000000e+03
5.363908005893651409e-02,3.635000000000000000e+03
4.964703024833708872e-02,3.640000000000000000e+03
4.681550314917664463e-02,3.645000000000000000e+03
4.525088588080618257e-02,3.650000000000000000e+03
4.476570353166745009e-02,3.655000000000000000e+03
4.486855464286444023e-02,3.660000000000000000e+03
4.529680880620133576e-02,3.665000000000000000e+03
4.842706820151086028e-02,3.670000000000000000e+03
5.071458651999991019e-02,3.675000000000000000e+03
5.028452760108742536e-02,3.680000000000000000e+03
4.419949386256104978e-02,3.685000000000000000e+03
3.969870781899899337e-02,3.690000000000000000e+03
3.704048653191024942e-02,3.695000000000000000e+03
3.461842648650050730e-02,3.700000000000000000e+03
3.251165374016033727e-02,3.705000000000000000e+03
3.087941783768011553e-02,3.710000000000000000e+03
2.975169498620481787e-02,3.715000000000000000e+03
2.720998107542510480e-02,3.720000000000000000e+03
2.554591222586447344e-02,3.725000000000000000e+03
2.741626683523089650e-02,3.730000000000000000e+03
3.003590901333857630e-02,3.735000000000000000e+03
2.879048265961093797e-02,3.740000000000000000e+03
2.783027877907474218e-02,3.745000000000000000e+03
2.702150040694827060e-02,3.750000000000000000e+03
2.618226329094424168e-02,3.755000000000000000e+03
2.530088528619594407e-02,3.760000000000000000e+03
2.399240203836990395e-02,3.765000000000000000e+03
2.252736330977543611e-02,3.770000000000000000e+03
2.151193519376514915e-02,3.775000000000000000e+03
2.113016016909513226e-02,3.780000000000000000e+03
2.133892255032624266e-02,3.785000000000000000e+03
2.214308290066334395e-02,3.790000000000000000e+03
2.346414670410623335e-02,3.795000000000000000e+03
2.523059768609849443e-02,3.800000000000000000e+03
2.779348428819028785e-02,3.805000000000000000e+03
3.070129066332340576e-02,3.810000000000000000e+03
3.340096552109368677e-02,3.815000000000000000e+03
3.554348641025079081e-02,3.820000000000000000e+03
3.786807301227734096e-02,3.825000000000000000e+03
4.180019081781512907e-02,3.830000000000000000e+03
4.050743529045006813e-02,3.835000000000000000e+03
3.917152084283160446e-02,3.840000000000000000e+03
3.870951446658262712e-02,3.845000000000000000e+03
3.810382902928211718e-02,3.850000000000000000e+03
3.712828360982765169e-02,3.855000000000000000e+03
3.354230494215136582e-02,3.860000000000000000e+03
2.742244073579380020e-02,3.865000000000000000e+03
2.146465414404001570e-02,3.870000000000000000e+03
1.707395141404978098e-02,3.875000000000000000e+03
1.540876524103530591e-02,3.880000000000000000e+03
1.546025443815802515e-02,3.885000000000000000e+03
1.676010178481861929e-02,3.890000000000000000e+03
2.016627805657148637e-02,3.895000000000000000e+03
2.390239478838476414e-02,3.900000000000000000e+03
2.690627336184809454e-02,3.905000000000000000e+03
2.835529083825368349e-02,3.910000000000000000e+03
2.869128789138787952e-02,3.915000000000000000e+03
3.042585020092389639e-02,3.920000000000000000e+03
3.479124575288469745e-02,3.925000000000000000e+03
3.771650474805496311e-02,3.930000000000000000e+03
3.788859835134347764e-02,3.935000000000000000e+03
3.761066891703031267e-02,3.940000000000000000e+03
3.680837484808709842e-02,3.945000000000000000e+03
3.554943715263229886e-02,3.950000000000000000e+03
3.407027478796943037e-02,3.955000000000000000e+03
3.269291111429781932e-02,3.960000000000000000e+03
3.165861869649171101e-02,3.965000000000000000e+03
3.120782723828258165e-02,3.970000000000000000e+03
3.130598715759638773e-02,3.975000000000000000e+03
3.186902874245874095e-02,3.980000000000000000e+03
3.259238803470965173e-02,3.985000000000000000e+03
3.335505294080594318e-02,3.990000000000000000e+03
2.817112488050208322e-02,3.995000000000000000e+03
2.324828281455401310e-02,4.000000000000000000e+03
2.006184171887792980e-02,4.005000000000000000e+03
1.920208103893613141e-02,4.010000000000000000e+03
2.048764597893605946e-02,4.015000000000000000e+03
2.331653887612349096e-02,4.020000000000000000e+03
2.770776763824381664e-02,4.025000000000000000e+03
3.337629710095701974e-02,4.030000000000000000e+03
3.956527650241274674e-02,4.035000000000000000e+03
4.234482112116656760e-02,4.040000000000000000e+03
4.499467851407183694e-02,4.045000000000000000e+03
4.755381648477903511e-02,4.050000000000000000e+03
5.007232159008558059e-02,4.055000000000000000e+03
5.257547501136596718e-02,4.060000000000000000e+03
5.509265620017236853e-02,4.065000000000000000e+03
5.854223331579126721e-02,4.070000000000000000e+03
6.464542902265490998e-02,4.075000000000000000e+03
7.534544554820425677e-02,4.080000000000000000e+03
8.070804972617937056e-02,4.085000000000000000e+03
7.968001411277889079e-02,4.090000000000000000e+03
7.237206175467898739e-02,4.095000000000000000e+03
6.361073255156129980e-02,4.100000000000000000e+03
5.785539255298939587e-02,4.105000000000000000e+03
5.585505028622065465e-02,4.110000000000000000e+03
5.541495876912448659e-02,4.115000000000000000e+03
5.652048459282624920e-02,4.120000000000000000e+03
6.121921156844507828e-02,4.125000000000000000e+03
6.868136865998168694e-02,4.130000000000000000e+03
7.631275065179114747e-02,4.135000000000000000e+03
7.896502679768227506e-02,4.140000000000000000e+03
8.122842718248443616e-02,4.145000000000000000e+03
8.312840184253984799e-02,4.150000000000000000e+03
8.506340488317928883e-02,4.155000000000000000e+03
8.739258186015043395e-02,4.160000000000000000e+03
9.325113962082819119e-02,4.165000000000000000e+03
1.053784576872777434e-01,4.170000000000000000e+03
1.197412551002378506e-01,4.175000000000000000e+03
1.159084062917337815e-01,4.180000000000000000e+03
1.085090200621605383e-01,4.185000000000000000e+03
1.022992290259925607e-01,4.190000000000000000e+03
9.760170215361795021e-02,4.195000000000000000e+03
9.463456515666159030e-02,4.200000000000000000e+03
9.234148343702365536e-02,4.205000000000000000e+03
9.036362174603403130e-02,4.210000000000000000e+03
8.855569684572593692e-02,4.215000000000000000e+03
8.684326313350583526e-02,4.220000000000000000e+03
8.526090904610245103e-02,4.225000000000000000e+03
8.395747616798193702e-02,4.230000000000000000e+03
8.316835965763348659e-02,4.235000000000000000e+03
8.316483974779245725e-02,4.240000000000000000e+03
8.419597465246703161e-02,4.245000000000000000e+03
8.646130506860347231e-02,4.250000000000000000e+03
9.126535942994258577e-02,4.255000000000000000e+03
9.899373794843040197e-02,4.260000000000000000e+03
1.079982356562843582e-01,4.265000000000000000e+03
1.146286271403630513e-01,4.270000000000000000e+03
1.181880804679005942e-01,4.275000000000000000e+03
1.208429744163881103e-01,4.280000000000000000e+03
1.223818555543070008e-01,4.285000000000000000e+03
1.226038213053137205e-01,4.290000000000000000e+03
1.213349858095622291e-01,4.295000000000000000e+03
1.059488387333867576e-01,4.300000000000000000e+03
9.728549765757035783e-02,4.305000000000000000e+03
9.599618112652227864e-02,4.310000000000000000e+03
9.623596828620538390e-02,4.315000000000000000e+03
9.760864000870088375e-02,4.320000000000000000e+03
1.001828691148216460e-01,4.325000000000000000e+03
1.037244230181541826e-01,4.330000000000000000e+03
1.078600344416426882e-01,4.335000000000000000e+03
1.137651274269619595e-01,4.340000000000000000e+03
1.226909799644631954e-01,4.345000000000000000e+03
1.372893015451017718e-01,4.350000000000000000e+03
1.552691616501340743e-01,4.355000000000000000e+03
1.570190671137690064e-01,4.360000000000000000e+03
1.573883834813159521e-01,4.365000000000000000e+03
1.562315097615309401e-01,4.370000000000000000e+03
1.535094169537693509e-01,4.375000000000000000e+03
1.484962477179297413e-01,4.380000000000000000e+03
1.376047807734622208e-01,4.385000000000000000e+03
1.290305008032221479e-01,4.390000000000000000e+03
1.221551375113595489e-01,4.395000000000000000e+03
1.165029872615246931e-01,4.400000000000000000e+03
1.116973189865390764e-01,4.405000000000000000e+03
1.073646214527630982e-01,4.410000000000000000e+03
1.035058666030384683e-01,4.415000000000000000e+03
9.985895293975410869e-02,4.420000000000000000e+03
9.610391739720501592e-02,4.425000000000000000e+03
9.365556793639763511e-02,4.430000000000000000e+03
9.323066044017938592e-02,4.435000000000000000e+03
9.499891797487446110e-02,4.440000000000000000e+03
1.010172698518451151e-01,4.445000000000000000e+03
1.091320174290555112e-01,4.450000000000000000e+03
1.182546433101716310e-01,4.455000000000000000e+03
1.252651927668040344e-01,4.460000000000000000e+03
1.307603622582494407e-01,4.465000000000000000e+03
1.358832881660567982e-01,4.470000000000000000e+03
1.404086920582531262e-01,4.475000000000000000e+03
1.441346411468778510e-01,4.480000000000000000e+03
1.468894880520280333e-01,4.485000000000000000e+03
1.485325836968930391e-01,4.490000000000000000e+03
1.490445640710560404e-01,4.495000000000000000e+03
1.481261590010658213e-01,4.500000000000000000e+03
1.456903389601226506e-01,4.505000000000000000e+03
1.329379778649873722e-01,4.510000000000000000e+03
1.271273122674529688e-01,4.515000000000000000e+03
1.247591206235503791e-01,4.520000000000000000e+03
1.231361463344810975e-01,4.525000000000000000e+03
1.226378709128152222e-01,4.530000000000000000e+03
1.231793326089487411e-01,4.535000000000000000e+03
1.247770970195671847e-01,4.540000000000000000e+03
1.279797657974628688e-01,4.545000000000000000e+03
1.433288739359272201e-01,4.550000000000000000e+03
1.632591980084346084e-01,4.555000000000000000e+03
1.623819476725217037e-01,4.560000000000000000e+03
1.596202935791193600e-01,4.565000000000000000e+03
1.552283319379439419e-01,4.570000000000000000e+03
1.498265261324625008e-01,4.575000000000000000e+03
1.433136824005974697e-01,4.580000000000000000e+03
1.370537163499276900e-01,4.585000000000000000e+03
1.307217180363091369e-01,4.590000000000000000e+03
1.244234258420739980e-01,4.595000000000000000e+03
1.169044017687996539e-01,4.600000000000000000e+03
1.087206529861051291e-01,4.605000000000000000e+03
1.005514903419583161e-01,4.610000000000000000e+03
9.305055534335097966e-02,4.615000000000000000e+03
8.678976603129949507e-02,4.620000000000000000e+03
8.201643016332142710e-02,4.625000000000000000e+03
7.874307951491360535e-02,4.630000000000000000e+03
7.676317897721091077e-02,4.635000000000000000e+03
7.585938650659360127e-02,4.640000000000000000e+03
7.581933421789510685e-02,4.645000000000000000e+03
7.648290611206121081e-02,4.650000000000000000e+03
7.721341354682380309e-02,4.655000000000000000e+03
7.836954704313066344e-02,4.660000000000000000e+03
8.000349487149120697e-02,4.665000000000000000e+03
8.245860261447210404e-02,4.670000000000000000e+03
8.632322320655509695e-02,4.675000000000000000e+03
9.239570948450803733e-02,4.680000000000000000e+03
1.004513847844689389e-01,4.685000000000000000e+03
1.013317131192191106e-01,4.690000000000000000e+03
1.005213238049179059e-01,4.695000000000000000e+03
9.805661135161386488e-02,4.700000000000000000e+03
9.447905652504703933e-02,4.705000000000000000e+03
9.068904948578891678e-02,4.710000000000000000e+03
8.517498481865357074e-02,4.715000000000000000e+03
7.851211283918253792e-02,4.720000000000000000e+03
7.298209581179178340e-02,4.725000000000000000e+03
6.828475419597594687e-02,4.730000000000000000e+03
6.460798933168021563e-02,4.735000000000000000e+03
6.188841059609694745e-02,4.740000000000000000e+03
6.033542427184979129e-02,4.745000000000000000e+03
5.994135185066902516e-02,4.750000000000000000e+03
6.491432209808101206e-02,4.755000000000000000e+03
8.042691011372940513e-02,4.760000000000000000e+03
9.194464523621508067e-02,4.765000000000000000e+03
9.123289494466968463e-02,4.770000000000000000e+03
8.957615980156603819e-02,4.775000000000000000e+03
8.718483207950339375e-02,4.780000000000000000e+03
8.387624939285202863e-02,4.785000000000000000e+03
7.967461290046580491e-02,4.790000000000000000e+03
7.545688621955633224e-02,4.795000000000000000e+03
7.128501520003595326e-02,4.800000000000000000e+03
6.290934285901421397e-02,4.805000000000000000e+03
5.453844609560334900e-02,4.810000000000000000e+03
4.781096556455757818e-02,4.815000000000000000e+03
4.446094312102355506e-02,4.820000000000000000e+03
4.338404036998055185e-02,4.825000000000000000e+03
4.349621837490586646e-02,4.830000000000000000e+03
4.447222764099623138e-02,4.835000000000000000e+03
4.596480611847285347e-02,4.840000000000000000e+03
4.765394640098821050e-02,4.845000000000000000e+03
4.928377170347197217e-02,4.850000000000000000e+03
5.068199262612029660e-02,4.855000000000000000e+03
5.176010567847909305e-02,4.860000000000000000e+03
5.249781770722675850e-02,4.865000000000000000e+03
5.292676523703208902e-02,4.870000000000000000e+03
5.372438285516813877e-02,4.875000000000000000e+03
4.888770685359872248e-02,4.880000000000000000e+03
4.475529248084811340e-02,4.885000000000000000e+03
4.340053678143823701e-02,4.890000000000000000e+03
4.505522944283285591e-02,4.895000000000000000e+03
4.804057552954647120e-02,4.900000000000000000e+03
5.234064232053849131e-02,4.905000000000000000e+03
5.624742964174783005e-02,4.910000000000000000e+03
5.834194276431507731e-02,4.915000000000000000e+03
6.014249433295526526e-02,4.920000000000000000e+03
6.131594481461079271e-02,4.925000000000000000e+03
6.178009148813770612e-02,4.930000000000000000e+03
6.142877382197279440e-02,4.935000000000000000e+03
5.397069587906467431e-02,4.940000000000000000e+03
4.845683837655225673e-02,4.945000000000000000e+03
4.666568225460697439e-02,4.950000000000000000e+03
4.871103326491812296e-02,4.955000000000000000e+03
5.243273692640781913e-02,4.960000000000000000e+03
5.680365644178908546e-02,4.965000000000000000e+03
6.168805079037626565e-02,4.970000000000000000e+03
6.599234558563189801e-02,4.975000000000000000e+03
7.008039492028080020e-02,4.980000000000000000e+03
7.412212279607832688e-02,4.985000000000000000e+03
7.801581452287750795e-02,4.990000000000000000e+03
7.825275181359832299e-02,4.995000000000000000e+03
7.727395903968460600e-02,5.000000000000000000e+03
7.637562299519845554e-02,5.005000000000000000e+03
7.559524341761492128e-02,5.010000000000000000e+03
7.190556863336443338e-02,5.015000000000000000e+03
6.844685333474272160e-02,5.020000000000000000e+03
6.542908129496460834e-02,5.025000000000000000e+03
6.308110156457111262e-02,5.030000000000000000e+03
6.132944674083715825e-02,5.035000000000000000e+03
5.941636795820752492e-02,5.040000000000000000e+03
5.747961983545060022e-02,5.045000000000000000e+03
5.573693546776461311e-02,5.050000000000000000e+03
5.448022982462006475e-02,5.055000000000000000e+03
5.402031287326473918e-02,5.060000000000000000e+03
5.619432553650813289e-02,5.065000000000000000e+03
6.336014701317409237e-02,5.070000000000000000e+03
6.940189205925169358e-02,5.075000000000000000e+03
6.910821420884540045e-02,5.080000000000000000e+03
6.775682460660421846e-02,5.085000000000000000e+03
6.574530038177063551e-02,5.090000000000000000e+03
6.336368331235267548e-02,5.095000000000000000e+03
6.104318155518000111e-02,5.100000000000000000e+03
5.909915715673510345e-02,5.105000000000000000e+03
5.784917719146786402e-02,5.110000000000000000e+03
5.736881385384166171e-02,5.115000000000000000e+03
5.783223068777591791e-02,5.120000000000000000e+03
6.168419701046732456e-02,5.125000000000000000e+03
6.971950693002787469e-02,5.130000000000000000e+03
8.452250090047393194e-02,5.135000000000000000e+03
9.280305087129996078e-02,5.140000000000000000e+03
9.189396366583392484e-02,5.145000000000000000e+03
8.990614940693016088e-02,5.150000000000000000e+03
8.680589704791855099e-02,5.155000000000000000e+03
8.269007707805930973e-02,5.160000000000000000e+03
7.782418806026465685e-02,5.165000000000000000e+03
7.263487061818657553e-02,5.170000000000000000e+03
6.765349416688261341e-02,5.175000000000000000e+03
6.342444713740873208e-02,5.180000000000000000e+03
6.040446653894322032e-02,5.185000000000000000e+03
5.890669710873641662e-02,5.190000000000000000e+03
5.902279710080748226e-02,5.195000000000000000e+03
6.417799515903185870e-02,5.200000000000000000e+03
7.021130659707947030e-02,5.205000000000000000e+03
7.533261997524642872e-02,5.210000000000000000e+03
7.886314585829384827e-02,5.215000000000000000e+03
8.012348288503147453e-02,5.220000000000000000e+03
8.103669003615777966e-02,5.225000000000000000e+03
8.202992754734002301e-02,5.230000000000000000e+03
8.322821600484447968e-02,5.235000000000000000e+03
8.526651816487812452e-02,5.240000000000000000e+03
8.906163373198354438e-02,5.245000000000000000e+03
9.274747886261855423e-02,5.250000000000000000e+03
9.744222854058280647e-02,5.255000000000000000e+03
1.031910939615139355e-01,5.260000000000000000e+03
1.101381943150809284e-01,5.265000000000000000e+03
1.185613789768739379e-01,5.270000000000000000e+03
