Vnorm;Vph;Gnorm;Gph
-15934;4115;-8185;49934
-13751;3777;-7777;44087
-12661;3199;-6476;39930
-10553;2908;-6102;34025
-9465;2372;-4797;29896
-7291;2026;-4422;24250
-6277;1494;-3232;19885
-4103;1079;-2884;14280
-3058;629;-1633;9844
-896;222;-1286;3913
137;-325;14;-160
166;-288;-32;-173
248;-334;-28;-158
232;-296;-26;-152
201;-368;-25;-159
199;-314;-35;-138
132;-251;-2;-180
141;-363;-2;-140
150;-371;-16;-171
163;-316;1;-156
130;-290;0;-164
134;-291;-2;-161
175;-299;2;-134
193;-294;5;-113
155;-287;24;-160
204;-296;-47;-175
578;-333;-35;-206
600;-274;0;-161
92;-199;-36;-152
-107;-205;-34;-92
-20;-187;-13;-94
159;-184;-50;-42
172;-200;-55;-11
136;-242;-65;-102
164;-337;-39;-142
199;-339;0;-107
164;-272;66;-164
179;-353;79;-160
178;-375;95;-177
164;-280;76;-152
136;-315;9;-272
177;-198;-37;-284
174;-292;-55;-65
158;-141;-94;639
185;204;-73;792
198;-176;-74;-144
178;-561;-49;-462
211;-662;-60;-233
237;-493;-67;-157
245;-290;5;-161
194;-257;391;-170
234;-258;1011;-137
219;-285;522;-121
162;-204;-163;-110
120;-214;-162;-120
89;-213;-81;-72
102;-131;-39;-42
112;-149;-55;-5
92;-93;-4;-19
83;-29;-58;8
86;-20;-40;-16
98;29;-7;68
97;98;10;63
97;61;36;84
110;12;15;114
103;-14;57;117
68;-73;76;118
99;-63;41;88
92;-89;105;22
81;-167;124;14
80;-148;138;-37
90;-146;178;-42
51;-162;179;-76
94;-136;184;-33
97;-160;171;-70
35;-111;131;-60
51;-81;99;-87
81;-116;35;-33
60;-58;19;-63
68;-110;-18;-68
88;-177;-65;-49
37;-130;-59;-9
50;-134;-89;-68
103;-159;-94;-12
60;-141;-56;-57
64;-136;-58;-24
51;-128;-61;-53
77;-141;-47;-32
72;-183;-74;-86
85;-141;-52;-43
54;-123;-29;-45
58;-138;-20;-28
120;-170;-44;-52
122;-126;-77;-3
76;-92;-53;-65
68;-117;-62;-30
36;-108;-57;-34
31;-106;-66;-16
21;-114;-72;-27
15;-121;-79;16
-18;-102;-65;-12
-9;-100;-75;-13
25;-69;-74;-19
-24;-32;-70;13
78;-45;-72;22
18;-95;-97;39
240;-93;-64;37
571;-81;5;56
128;-71;19;22
-194;7;68;67
-205;-40;117;70
-31;-23;7;75
35;-7;-48;5
42;28;-70;45
52;73;-127;33
79;39;-83;53
61;28;-75;95
67;-36;-100;120
66;-45;-57;119
88;-28;-109;216
109;-87;-34;129
63;-94;40;77
102;16;701;70
127;-41;1108;47
131;-19;199;53
140;-27;-239;43
133;161;-184;26
180;329;-147;-37
137;-56;-50;7
186;-271;-100;46
191;-281;-54;485
179;-231;-84;1043
150;-86;-70;231
137;-60;-36;-247
109;-41;-43;-144
53;-18;-38;-150
34;4;-14;-20
39;29;-40;-73
32;15;10;-74
72;72;50;-66
66;77;49;-45
60;41;70;-50
52;125;90;-46
61;160;117;-12
25;210;147;-22
60;204;122;13
44;150;93;-5
39;153;97;24
6;132;44;84
48;142;-2;107
-1;60;-14;106
32;20;-60;130
44;2;-62;100
-2;-67;-65;117
19;-36;-74;75
-16;29;-62;62
13;-61;-68;49
32;-38;-52;30
-15;59;-38;-10
36;-13;-45;8
0;13;-4;33
4;26;-24;3
-14;-51;-33;-26
34;-67;-15;-15
34;-60;-14;5
-4;-28;-25;-12
8;-71;-23;-22
14;-77;-16;55
1;-104;-30;2
1;-96;-38;7
0;-140;-29;34
13;-124;-47;41
25;-128;-28;48
31;-199;-53;44
28;-174;-71;22
38;-132;-39;37
90;-152;-50;63
126;-184;-53;39
81;-187;-35;3
48;-233;2;57
1;-190;73;49
27;-182;29;81
5;-241;105;111
-1;-219;70;148
-7;-224;-27;179
33;-193;-35;185
16;-186;-67;212
6;-195;-88;147
68;-194;-80;153
36;-121;-107;156
328;-165;-82;106
466;-201;-75;52
45;-195;-77;24
-146;-297;1;-23
-204;-233;419;-52
-34;-261;912;-125
46;-328;452;-177
19;-239;-133;-185
27;-261;-159;-184
35;-187;-113;-138
29;-234;-77;-152
44;43;-69;-171
37;125;-53;-108
57;-296;-74;-174
21;-515;-42;-106
22;-586;-53;-89
40;-386;-10;-51
94;-317;7;-49
80;-228;-1;27
73;-197;27;-4
95;-241;48;-53
106;-172;63;-43
128;-177;86;-27
120;-160;108;-54
116;-170;141;-57
122;-141;168;-88
74;-75;174;-47
96;-37;165;-119
64;-2;166;-84
-23;7;154;135
18;56;89;553
44;-2;54;383
-36;-67;12;-291
-16;-32;-22;-316
24;-80;-52;-245
32;-156;-65;-326
1;-144;-56;-220
26;-168;-76;-291
42;-219;-25;-211
25;-226;-44;-221
11;-216;-72;-163
56;-260;-41;-226
23;-205;-32;-171
-35;-217;-24;-209
3;-219;-28;-150
57;-211;-22;-175
9;-236;-44;-108
-4;-227;-32;-165
-3;-228;-51;-84
9;-278;-59;-103
-12;-295;-45;-29
-12;-246;-85;-58
0;-299;-91;-23
30;-310;-69;-96
-21;-304;-51;-84
-7;-330;-62;-161
4;-260;-93;-168
16;-345;-69;-217
-1;-295;-59;-181
18;-309;-74;-269
0;-393;-60;-235
-1;-329;-72;-266
-41;-351;-57;-225
-17;-320;-78;-248
-7;-378;-25;-210
36;-359;53;-253
-35;-312;50;-153
-43;-353;80;-252
-18;-382;54;-168
-31;-397;-39;-235
-11;-345;-44;-156
6;-311;-85;-175
21;-280;-104;-178
42;-294;-95;-212
1;-262;-88;-136
23;-262;-79;-226
-52;-241;-66;-130
-49;-279;-64;-231
-65;-424;3;-151
-63;-389;353;-226
-62;-355;1012;-56
-89;-413;583;-138
-66;-394;-146;-195
-62;-387;-183;-142
-23;-372;-79;-133
-86;-330;-29;-180
208;-365;-65;-140
503;51;-68;-169
69;101;-11;-144
-159;-431;-19;-197
-233;-781;-32;-150
-95;-802;-31;-184
0;-530;-6;-124
0;-443;14;-146
10;-417;20;-104
30;-391;52;-156
64;-407;98;-153
0;-399;83;-181
65;-418;108;-166
57;-370;140;-160
72;-323;172;-94
94;-329;158;-156
81;-304;170;-77
122;-248;157;-127
95;-219;130;-124
117;-153;73;-170
133;-142;41;-179
121;-194;5;-219
142;-130;-39;-130
155;-173;-73;-203
153;-311;-117;-158
154;-314;-83;-257
118;-328;-38;-140
125;-388;-106;-37
87;-418;-65;529
5;-384;-46;485
11;-396;-90;-192
5;-386;-40;-370
20;-373;-50;-240
-1;-360;-36;-286
-23;-391;-39;-221
6;-374;-69;-271
-10;-373;-49;-207
43;-360;-32;-270
20;-327;-50;-167
20;-423;-46;-233
17;-387;-32;-152
20;-384;-74;-188
19;-407;-52;-76
15;-340;-51;-172
15;-381;-41;-87
-22;-445;-16;-110
-19;-389;-29;-35
22;-405;-31;-67
6;-435;-56;15
22;-423;-4;-34
11;-435;-27;33
-3;-404;-51;-87
-24;-397;-17;-4
41;-367;-23;-106
42;-385;-11;-80
50;-380;-27;-169
15;-373;23;-129
-8;-415;42;-200
56;-372;62;-201
61;-380;110;-212
19;-375;44;-226
96;-294;-22;-256
81;-345;-53;-202
37;-360;-64;-238
42;-321;-59;-198
79;-444;-88;-259
59;-386;-77;-146
77;-337;-96;-241
44;-356;-89;-156
45;-272;-47;-174
72;-321;-1;-138
87;-321;475;-259
55;-294;1035;-180
79;-248;322;-268
115;-239;-215;-199
149;-232;-153;-281
99;-237;-102;-228
93;-297;-54;-264
62;-284;-94;-229
21;-338;-84;-263
-2;-362;-59;-195
12;-347;-41;-261
-13;-283;-21;-187
21;-308;-30;-228
-5;-210;-14;-156
15;-272;10;-214
64;-156;29;-191
-83;212;72;-231
110;-209;93;-196
615;-522;57;-210
386;-558;128;-131
-182;-510;144;-125
-315;-349;162;-69
-114;-302;202;-105
-30;-241;226;-52
2;-249;204;-189
31;-182;186;-130
19;-170;132;-227
54;-192;51;-125
27;-98;24;-230
32;-107;-49;-160
9;-108;-55;-181
20;-102;-43;-184
56;-29;-52;-188
50;59;-37;162
62;78;-55;692
76;86;-48;381
104;9;-27;-273
81;71;-37;-215
115;29;-36;-264
158;-49;-18;-150
142;-69;-32;-243
172;-65;-14;-158
112;-59;-34;-260
106;-129;-37;-216
126;-198;-49;-238
72;-126;-35;-214
85;-65;-31;-209
-11;-119;-53;-198
-3;-50;-55;-210
0;-30;-39;-157
-40;-78;-72;-211
10;-91;-62;-121
11;-69;-69;-165
-29;-76;-85;-3
10;-85;-63;-38
14;-90;-61;28
13;-87;-76;-76
-4;-32;-46;-8
-15;-92;-78;-152
-12;-141;-83;-151
-24;-65;-46;-222
-38;-62;-65;-249
-33;-120;-59;-265
-37;-100;-6;-246
2;-21;18;-288
-75;-121;44;-225
-74;-139;65;-283
-46;-41;36;-236
-73;-53;-47;-249
-68;-41;-59;-197
-51;-57;-80;-241
-64;-85;-83;-159
-65;-26;-95;-225
-41;5;-100;-162
-68;-30;-76;-227
-62;-82;-76;-155
-62;-25;-64;-186
-69;21;70;-163
-42;-72;477;-233
-102;-41;998;-176
-51;-8;516;-213
-47;40;-38;-132
-59;66;-145;-190
-60;34;-155;-173
-42;83;-41;-201
-43;101;-41;-151
-84;101;-28;-203
-30;60;-60;-179
-39;-5;-40;-236
-74;-3;-21;-165
-48;20;-31;-206
-40;-26;0;-142
-11;-4;49;-201
-31;21;40;-145
40;50;48;-166
38;38;58;-69
9;65;78;-161
-1;442;102;-38
-86;293;120;-126
-47;-63;138;-109
-43;-204;144;-199
-81;-231;178;-181
-21;-101;163;-226
-60;-15;119;-195
-29;33;121;-237
-50;54;8;-149
48;94;-25;-200
-44;43;-24;-144
163;96;-67;-142
530;148;-64;303
127;140;-73;552
-282;181;-69;-57
-254;182;-40;-237
-68;223;-28;-173
3;237;-70;-241
-57;298;-57;-185
-11;313;-27;-239
-2;285;-1;-156
21;308;-23;-207
-9;270;-17;-181
36;245;-47;-196
30;189;-46;-117
21;182;-12;-165
15;176;-32;-33
20;101;-25;-115
5;102;-36;-9
53;144;-41;-56
64;156;-18;74
90;172;-57;2
120;171;-27;129
104;196;-1;28
121;156;-23;98
126;157;-38;47
98;176;-32;87
124;192;-15;-51
18;165;-24;-3
20;125;-27;-77
1;154;-17;-64
-26;197;9;-116
-3;176;3;-39
-35;119;13;-157
-37;129;62;-61
7;146;59;-140
-32;135;119;-45
2;146;98;-112
0;184;30;-15
10;124;-19;-93
15;156;-33;1
39;195;-74;-82
17;148;-61;14
17;172;-52;-80
8;136;-53;-49
-6;150;-66;-81
18;152;-60;-32
9;140;-11;-99
-26;221;183;-84
-18;277;865;-118
9;341;834;-49
10;243;-60;-135
1;201;-271;-57
11;234;-136;-112
-27;180;-49;-13
2;131;-67;-100
8;165;-98;-51
-7;161;-46;-111
-24;150;-62;-56
-21;215;-20;-116
4;91;-16;-68
5;241;-52;-104
-61;250;14;21
-18;381;13;-44
-36;708;48;41
-19;278;61;-35
-6;-144;73;9
-58;-223;105;-96
-41;17;124;-64
0;217;141;-133
-37;215;168;-122
-26;176;189;-161
-28;188;206;-83
-34;224;168;-150
-30;242;109;-52
-3;254;78;-95
27;279;26;196
-30;330;-8;708
-13;347;-3;243
59;393;-46;-121
57;428;-74;-56
44;453;-41;-158
0;501;-25;-68
-18;529;-78;-194
-73;500;-35;-131
-20;447;-53;-161
14;392;-61;-140
-14;307;-4;-163
10;319;-39;-112
1;296;-40;-135
-9;232;0;-75
36;253;-55;-102
21;263;-40;-31
366;253;-43;-73
417;257;-49;40
30;253;-10;-55
-193;273;-76;33
-199;275;-71;-25
-21;280;-33;48
42;326;-61;-40
59;286;-63;10
13;220;-78;-88
57;257;-66;-38
65;255;-79;-141
49;156;-83;-133
95;227;-59;-175
68;299;-85;-179
90;190;-92;-203
60;219;-91;-203
107;237;-74;-221
123;182;-42;-165
79;207;-29;-200
107;199;28;-150
138;202;49;-202
134;252;56;-66
126;218;43;-164
136;154;-29;-105
168;220;-65;-165
156;201;-85;-132
132;188;-87;-147
106;237;-70;-98
86;198;-113;-135
47;249;-92;-91
1;221;-108;-130
-27;153;-98;-91
0;208;-27;-115
-16;229;173;-65
-12;198;911;-117
-5;191;845;-62
46;240;-105;-111
28;275;-234;-84
2;246;-73;-121
-12;326;-64;-94
21;336;-67;-134
14;273;-80;-88
7;319;-56;-119
11;264;-18;-86
11;226;-22;-68
49;192;-42;-5
0;167;-18;-38
21;191;16;-8
60;182;11;-29
16;171;47;-36
16;200;63;-80
-1;305;66;-89
17;226;88;-124
32;594;159;-142
22;647;185;-162
74;155;181;-78
19;-196;191;-133
0;-210;178;3
42;97;173;-73
33;131;108;174
37;211;43;729
16;206;18;130
23;164;-65;-182
66;226;-100;-116
0;234;-93;-233
73;260;-108;-169
34;279;-109;-219
30;295;-89;-152
42;298;-109;-183
41;372;-105;-150
88;406;-82;-149
28;461;-63;-78
48;533;-52;-100
48;454;-86;-58
11;457;-67;-53
2;425;-70;-29
26;359;-87;-29
132;332;-52;3
44;324;-68;-1
87;277;-99;33
100;242;-73;23
-4;199;-71;54
13;247;-86;23
15;246;-64;15
4;201;-81;-3
-10;331;-79;-10
-5;236;-66;-33
32;203;-69;-48
9;268;-53;-47
87;286;-46;-81
-27;294;-80;-59
227;201;-61;-84
611;250;-73;-105
146;274;-65;-59
-80;191;-56;-99
-119;225;-52;-62
-73;223;-49;-76
24;199;-41;-47
47;195;-20;-40
109;196;31;-50
99;223;61;-31
109;198;74;-39
156;198;21;-58
130;202;-63;-48
148;162;-61;-65
134;185;-85;-66
142;206;-118;-82
166;201;-94;-88
169;197;-102;-92
162;208;-93;-92
199;183;-111;-89
197;172;-53;-90
204;148;-7;-88
228;141;488;-71
261;198;1042;-73
267;167;329;-71
226;172;-260;-78
232;184;-165;-61
213;176;-148;-56
171;139;-95;-45
168;134;-98;-30
149;144;-90;-8
117;154;-90;-8
95;173;-55;-12
139;150;-79;-47
117;245;-51;-43
91;233;2;-87
155;201;-23;-97
92;238;-12;-118
138;183;23;-110
129;104;26;-92
99;71;100;-13
171;162;84;-23
166;101;137;107
152;135;145;178
121;137;149;83
119;41;164;-36
123;190;135;-162
109;193;140;-154
150;391;116;-179
162;476;40;-245
142;70;-16;-218
105;-111;-47;-248
138;-182;-49;-219
182;-121;-99;-230
126;84;-100;-209
114;76;-112;-199
142;59;-95;-167
113;134;-69;-156
124;109;-58;-129
144;132;-58;-124
208;157;-65;-88
178;149;-74;-86
133;173;-64;-29
160;161;-70;-48
207;208;-51;-13
184;261;-31;-33
135;227;-81;-20
180;300;-73;-68
183;298;-60;-70
182;238;-96;-129
192;264;-85;-167
161;188;-90;-191
169;139;-69;-196
216;125;-72;-219
177;82;-105;-193
186;49;-88;-229
212;-12;-121;-194
194;-10;-101;-207
253;58;-83;-177
254;10;-95;-185
212;-7;-95;-134
233;45;-88;-166
148;-9;-107;-132
153;-6;-90;-162
152;87;-79;-139
140;-52;-38;-168
164;-40;31;-131
145;6;18;-179
137;-84;39;-132
137;7;-28;-198
213;-46;-83;-149
175;-125;-64;-174
449;-91;-102;-175
627;-66;-102;-172
151;-78;-95;-142
-159;-96;-112;-158
-84;-135;-98;-127
118;-130;-149;-147
111;-42;-85;-117
144;-152;50;-137
153;-143;581;-124
130;-102;1053;-122
196;-152;334;-126
152;-141;-248;-124
108;-126;-225;-126
147;-151;-161;-117
111;-160;-78;-129
173;-92;-93;-100
176;-142;-50;-95
134;-167;-93;-90
181;-153;-39;-42
190;-88;-17;-64
210;-36;-57;-40
242;-74;-27;-76
203;-86;-2;-89
230;-66;5;-100
262;-140;17;-131
183;-244;68;-145
205;-199;69;-127
182;-137;114;-134
95;-199;129;-47
80;-274;130;-55
37;-254;160;84
52;-93;141;54
12;-214;128;80
2;-58;122;220
23;291;81;4
22;-149;29;-77
31;-468;-19;-159
-1;-537;-72;-201
21;-425;-82;-171
13;-356;-92;-215
-35;-295;-109;-162
50;-189;-108;-176
22;-243;-93;-121
-39;-224;-101;-123
-7;-205;-87;-95
-56;-181;-70;-87
-20;-213;-73;-55
-24;-144;-62;-58
-120;-84;-68;-31
-111;-105;-63;-24
-105;-40;-49;12
-89;-44;-65;1
-106;13;-82;38
-143;24;-74;14
-119;-25;-69;39
-111;16;-81;-7
-119;-66;-71;0
-120;-112;-51;-41
-160;-105;-83;-58
-137;-180;-71;-97
-130;-219;-80;-100
-160;-249;-86;-117
-152;-217;-45;-115
-153;-203;-60;-125
-160;-228;-62;-104
-148;-239;-47;-113
-150;-223;-58;-73
-151;-192;-55;-86
-188;-197;-74;-68
-173;-189;-47;-66
-181;-178;24;-46
-168;-197;41;-52
-179;-166;81;-40
-202;-221;72;-51
-158;-268;-4;-39
-171;-207;-31;-61
-153;-232;-75;-44
-136;-281;-107;-81
-112;-244;-95;-63
-74;-250;-101;-75
-132;-253;-119;-82
-157;-266;-81;-87
-214;-220;-109;-85
-170;-185;-47;-97
-178;-265;2;-82
-197;-311;702;-101
-222;-271;1121;-93
-208;-228;77;-102
-152;-310;-345;-94
-238;-255;-161;-100
-126;-211;-117;-107
-165;-298;-83;-101
-11;-273;-97;-99
287;-261;-98;-82
-66;-266;-71;-65
-440;-250;-38;-60
-418;-300;-69;-22
-247;-275;-34;-53
-202;-266;-50;-27
-178;-280;-20;-47
-148;-194;9;-66
-186;-222;44;-77
-163;-157;26;-111
-157;-141;67;-121
-185;-169;118;-111
-168;-187;128;-143
-180;-247;172;-48
-139;-278;172;-119
-129;-328;192;70
-152;-312;179;-62
-140;-244;121;113
-150;-296;64;738
-94;-305;16;93
-77;-83;-63;-100
-87;-278;-59;-24
-76;-145;-70;-149
-70;448;-99;-63
-52;47;-72;-134
-94;-562;-100;-55
-139;-675;-71;-112
-168;-437;-89;-51
-223;-320;-87;-73
-197;-287;-33;-38
-213;-232;-69;-46
-277;-282;-65;-22
-262;-231;-58;-17
-228;-209;-60;21
-188;-223;-51;24
-201;-151;-71;67
-193;-115;-56;63
-194;-100;-83;95
-179;-35;-60;93
-169;-70;-48;91
-180;0;-87;58
-174;141;-68;58
-183;73;-72;-21
-153;53;-81;0
-166;55;-82;-70
-181;-27;-85;-45
-160;-9;-84;-117
-173;-4;-96;-90
-165;-143;-79;-127
-169;-189;-83;-82
-184;-179;-102;-122
-172;-147;-79;-104
-173;-151;-66;-106
-185;-232;10;-90
-173;-139;18;-99
-159;-49;23;-87
-162;-121;65;-95
-136;-161;-47;-65
-164;-123;-74;-102
-180;-163;-66;-68
-176;-174;-123;-114
-159;-89;-111;-71
-138;-134;-102;-129
-162;-162;-123;-73
-143;-113;-82;-140
-160;-118;-126;-107
-163;-164;-79;-120
-164;-163;82;-98
-142;-144;829;-116
-117;-68;1018;-118
-155;-131;-76;-115
-149;-170;-331;-96
-90;-96;-96;-114
-145;-78;-90;-84
-165;-97;-45;-109
-113;-126;-75;-89
-106;-95;-43;-100
-111;-67;-33;-90
-119;-75;-50;-96
-88;-80;-49;-86
-47;-106;5;-102
-36;-26;8;-76
-69;-33;33;-93
-92;-115;51;-64
-129;-80;41;-71
-109;-62;82;-63
-102;-21;134;-47
-116;-63;126;-64
-74;-48;149;-96
-95;7;194;-112
-108;-62;189;-123
-69;-93;200;-140
-45;-53;196;-142
-58;29;121;-128
238;-54;64;-101
325;9;15;-23
19;137;-43;-72
-246;20;-72;127
-317;-9;-74;356
-124;-19;-113;103
-40;-62;-113;-173
-62;-11;-97;-281
-44;-17;-106;-245
4;-79;-117;-279
6;-39;-105;-301
-10;19;-89;-273
-9;-55;-76;-308
0;24;-70;-253
20;-8;-101;-272
10;157;-84;-231
10;511;-97;-244
44;60;-64;-194
32;-215;-89;-210
59;-275;-92;-181
67;-216;-76;-175
73;-25;-87;-131
103;25;-85;-127
110;67;-107;-67
125;53;-92;-92
98;105;-94;-49
83;93;-90;-78
46;114;-81;-44
20;159;-78;-95
2;170;-76;-72
-11;264;-74;-141
8;239;-54;-124
-50;240;-83;-171
-41;364;-70;-185
-20;426;-49;-182
-37;370;4;-177
27;407;52;-182
-9;398;64;-183
-19;342;58;-171
13;307;-12;-151
-16;242;-54;-146
33;239;-73;-125
47;190;-70;-131
4;176;-97;-94
48;201;-108;-116
26;188;-124;-91
14;196;-76;-112
53;201;-110;-113
31;206;-70;-124
41;219;115;-96
32;257;776;-130
41;242;1085;-118
58;204;91;-121
35;223;-317;-110
59;259;-169;-122
32;213;-129;-108
31;169;-53;-140
53;229;-91;-128
37;182;-81;-146
50;225;-71;-160
93;220;-56;-153
63;148;-79;-165
17;212;-58;-129
65;193;-39;-113
37;199;-17;-101
82;177;3;-45
75;203;23;-71
57;234;57;-16
57;225;59;-73
58;273;96;-82
61;208;134;-116
58;159;142;-129
81;243;152;-166
37;216;173;-152
31;218;163;-196
52;277;124;-122
43;294;78;-167
37;178;12;-16
28;226;-41;-128
29;317;-62;150
53;211;-67;734
94;266;-77;95
121;347;-92;-191
47;315;-58;-144
66;329;-71;-196
22;368;-41;-103
-28;345;-18;-168
53;306;-41;-81
21;261;-18;-145
-16;203;-13;-94
-41;267;-13;-112
44;234;-2;-101
-1;181;-30;-99
34;182;-10;-66
-21;366;-15;-92
145;244;-23;-48
548;386;-18;-47
211;721;-32;0
-107;305;-23;-13
-196;69;-21;17
-40;-78;-34;-20
49;-98;-30;40
-2;143;-28;-7
96;232;-27;10
47;209;4;-54
73;201;-21;-32
90;275;-36;-94
78;218;-13;-125
104;255;3;-139
97;214;80;-131
102;282;66;-169
108;303;99;-120
128;359;117;-167
135;374;28;-119
100;327;-19;-149
157;444;-42;-108
206;427;-75;-128
169;427;-64;-83
183;406;-49;-130
228;355;-59;-96
171;352;-40;-121
157;230;-67;-90
174;202;18;-146
108;187;179;-115
55;118;846;-153
36;117;1051;-113
9;113;110;-144
4;105;-211;-104
-2;162;-116;-147
-3;160;-58;-109
-8;155;-5;-154
-22;127;-40;-92
1;132;-5;-167
23;145;1;-123
12;118;-5;-150
22;138;2;-72
52;138;28;-132
-19;64;81;-86
13;50;93;-142
6;121;98;-68
-12;42;100;-115
-13;24;141;-45
-25;87;172;-98
-14;-2;157;2
-26;25;194;-42
0;69;231;-15
-33;7;241;-44
-36;-51;253;33
-18;18;210;-111
-57;56;196;-72
29;-94;166;-166
-3;-54;78;-122
-20;41;36;-139
-8;-70;-18;-92
-3;-94;-11;-107
8;-5;-2;-38
-50;-68;-12;-112
-29;-88;-5;146
10;-68;6;461
-21;-47;1;194
-5;-15;11;-266
-17;-111;5;-362
19;-22;14;-307
10;-11;22;-293
6;-27;-6;-322
3;-22;-23;-349
-10;-36;1;-328
-25;-19;-4;-301
23;-145;-14;-312
34;-186;-23;-303
-13;-157;-13;-275
-19;-146;-9;-247
11;-154;-25;-249
24;-182;-41;-185
41;-212;-32;-198
-25;-55;-29;-165
43;-129;-29;-159
98;-38;-40;-81
8;454;-46;-125
30;89;-28;-67
41;-437;-41;-138
-25;-635;-34;-61
-50;-509;-39;-152
-37;-267;0;-127
16;-215;61;-201
-52;-223;48;-218
-51;-289;81;-218
-20;-195;72;-228
-47;-184;-13;-213
39;-173;-55;-220
-13;-131;-33;-219
218;-211;-75;-158
521;-130;-75;-223
90;-89;-34;-158
-310;-48;-109;-190
-241;-7;-60;-165
-40;23;-96;-202
-27;87;-36;-160
-4;84;122;-186
41;-10;844;-166
-1;-47;1105;-200
-14;-122;3;-120
68;-169;-295;-199
45;-202;-105;-193
32;-273;-101;-203
47;-280;-56;-162
68;-274;-46;-188
59;-300;-35;-168
72;-317;-47;-193
77;-257;-23;-156
167;-324;-24;-211
126;-289;-26;-107
177;-255;-13;-177
209;-373;15;-155
140;-252;18;-174
176;-238;53;-152
165;-304;108;-188
138;-306;104;-122
103;-360;100;-118
77;-371;171;-102
75;-331;181;-109
-19;-373;172;-13
0;-339;187;-140
-10;-361;173;-186
2;-454;116;-191
14;-340;38;-201
-16;-349;28;-197
-8;-365;-20;-166
16;-298;-93;-175
-3;-419;-94;-52
14;-408;-94;-152
-20;-337;-97;-26
-15;-357;-90;111
3;-393;-76;317
1;-389;-78;236
-25;-326;-66;-187
6;-368;-89;-207
-25;-384;-41;-206
-26;-346;-61;-206
-19;-386;-80;-180
-37;-380;-28;-171
-20;-368;-45;-167
-20;-319;-71;-144
-67;-286;-43;-129
-25;-329;-49;-139
-49;-359;-39;-92
-46;-323;-34;-140
-16;-340;-63;-103
-61;-337;-30;-86
-42;-303;-75;-31
-51;-315;-48;-44
-51;-332;-43;29
-42;-317;-48;1
-39;-315;-29;132
-22;-256;-71;114
-27;-232;-69;122
-34;-222;-94;106
-16;-275;-53;105
25;-301;-47;58
-21;-325;-54;53
-32;-310;-47;-35
-6;-284;-39;13
-1;-332;72;-54
-13;-316;29;-53
4;-294;53;-89
-9;-223;74;-77
-1;-253;-45;-66
4;-203;-45;-66
-24;253;-47;-97
17;97;-87;-53
48;-354;-121;-113
-29;-634;-107;11
22;-631;-139;-98
8;-308;-102;-15
7;-252;-131;-99
66;-226;-63;-19
40;-199;64;-90
70;-182;796;-67
34;-195;1090;-111
-43;-203;-34;-75
19;-140;-335;-111
15;-82;-108;-77
-31;-94;-94;-147
-59;-79;-76;-94
-56;5;-104;-153
-1;-6;-79;-103
-70;50;-72;-144
51;97;-54;-86
-53;156;-52;-145
37;119;-34;-129
536;116;43;-173
210;82;33;-103
-190;-16;7;-143
-297;-58;60;-94
-151;-90;40;-117
-14;-100;109;-108
-38;-88;160;-70
20;-91;193;-13
-5;-77;210;-28
-12;-60;195;35
12;-55;210;-19
-5;-87;192;-73
28;-29;153;-126
54;23;85;-115
47;-5;37;-156
41;-13;-26;-86
31;-39;-48;-149
52;-41;-81;-62
72;-28;-81;-216
95;-56;-62;-76
145;-29;-87;-101
141;6;-77;414
162;-55;-66;791
172;-32;-50;-118
190;-18;-56;-328
138;-63;-59;-194
127;20;-30;-234
102;-25;-68;-143
29;-23;-88;-220
51;7;-36;-182
63;6;-59;-198
-25;26;-67;-178
-17;-41;-57;-173
-13;5;-85;-186
-29;-3;-97;-200
2;1;-93;-131
20;115;-84;-130
13;54;-90;-121
18;30;-83;-115
7;33;-73;-47
30;40;-87;-38
18;44;-90;-3
23;74;-84;-14
16;70;-81;-7
0;73;-84;-60
-7;100;-79;-29
-4;74;-70;-126
-16;66;-75;-96
2;88;-60;-166
-22;73;-58;-203
-37;85;-81;-214
1;125;-72;-201
-21;116;-23;-198
-42;85;23;-235
-4;230;41;-189
-79;197;68;-161
-19;160;66;-170
3;184;7;-121
-50;142;-74;-166
-17;111;-39;-140
-43;154;-59;-154
-23;135;-81;-109
-48;98;-74;-176
-50;145;-72;-103
7;68;-42;-188
-30;249;-112;-156
-20;207;-28;-160
-55;313;162;-167
-24;622;817;-143
-15;172;1038;-148
-33;4;20;-186
-17;-94;-299;-149
-31;-80;-100;-156
-1;130;-100;-146
-11;188;-38;-156
-21;211;-59;-134
8;181;-55;-166
-3;273;-49;-127
19;224;-28;-140
-6;226;-26;-127
-42;337;6;-209
13;306;26;-175
15;275;21;-234
-8;349;42;-193
72;418;47;-184
96;423;69;-162
69;456;101;-133
35;496;104;-102
-20;535;120;-80
-28;450;199;-84
-7;434;206;-226
-26;456;196;-172
0;364;173;-219
0;308;140;-229
-37;318;73;-206
-31;237;7;-130
33;287;-12;-205
-79;307;-32;-120
41;255;-85;-172
594;322;-92;206
263;294;-81;760
-148;283;-85;331
-176;318;-62;-271
-223;316;-99;-410
-71;314;-53;-319
6;301;-32;-243
25;304;-65;-253
28;289;-77;-222
17;342;-40;-225
12;255;-13;-226
22;266;-39;-205
43;301;-38;-190
1;231;-24;-180
37;216;-27;-161
41;219;-42;-134
21;292;-14;-118
35;237;-44;-103
86;208;-28;-91
68;262;-7;-53
51;192;-46;-61
106;221;-30;-55
139;275;-21;-5
86;192;-53;-64
119;177;-63;-65
100;181;-28;-72
77;215;-53;-114
93;212;-57;-160
39;179;-19;-181
-14;187;-50;-183
3;175;-33;-179
-5;189;-36;-206
-17;184;-33;-181
-19;173;-1;-175
-44;156;39;-219
-30;223;34;-215
15;160;75;-187
-34;175;86;-224
-19;231;-2;-186
0;188;-76;-182
4;219;-85;-165
-2;197;-83;-217
-24;126;-78;-158
17;128;-82;-194
1;102;-103;-155
-27;38;-69;-186
14;74;-106;-172
-39;128;-33;-223
-11;60;223;-186
15;201;854;-180
-48;214;917;-205
-83;365;51;-202
-31;534;-253;-165
7;108;-137;-227
-44;-212;-86;-172
-57;-252;-58;-191
-31;-131;-58;-175
-44;36;-49;-160
-61;37;-34;-151
-47;86;-42;-190
-45;25;-30;-152
-79;24;8;-155
-28;94;1;-118
-40;83;37;-44
-82;103;59;-46
-68;103;56;-55
-58;132;97;-16
-48;165;105;-105
-55;169;136;-159
-89;274;162;-177
-53;286;194;-178
-63;266;207;-199
-87;251;181;-182
-79;223;160;-173
-43;184;160;-164
-93;130;103;-192
-55;68;16;-45
-53;-5;-1;319
-80;-52;-16;549
-44;-85;-40;123
-29;-77;-69;-334
-17;-108;-59;-320
-6;-94;-58;-290
2;-23;-42;-235
14;-75;-16;-220
-70;-56;-24;-202
-86;-38;-34;-240
-61;-98;-37;-240
-72;-125;-6;-259
-86;-88;-32;-237
-104;-121;-36;-213
-70;-98;-11;-227
-83;-149;-62;-206
-13;-178;-17;-151
-110;-134;-42;-165
33;-194;-72;-132
580;-184;-34;-87
131;-196;-42;-74
-287;-208;-35;-60
-287;-204;-37;-77
-214;-215;-37;-47
-115;-240;-108;-93
-75;-240;-84;-123
-30;-200;-47;-179
-47;-236;-43;-204
-60;-241;-30;-207
-56;-231;-42;-228
-68;-228;-38;-274
-43;-216;-29;-250
-72;-225;-39;-238
-59;-262;-53;-232
-34;-210;-37;-251
-55;-206;39;-256
-20;-245;69;-212
-3;-311;71;-184
-5;-220;118;-199
23;-242;27;-193
32;-269;-17;-165
26;-236;-7;-169
19;-290;-38;-190
60;-178;-63;-169
51;-169;-51;-218
42;-170;-80;-164
-55;-144;-42;-217
-86;-233;-47;-213
-73;-273;-17;-223
-116;-290;52;-212
-136;-259;615;-207
-194;-305;1223;-211
-132;-354;281;-239
-71;-290;-299;-238
-118;-229;-70;-231
-84;-286;-70;-217
-113;-253;-28;-243
-94;-265;-42;-197
-63;83;-12;-259
-101;310;-42;-211
-69;-264;-15;-220
-60;-663;-29;-240
-80;-649;0;-257
-69;-450;32;-237
-96;-270;25;-304
-79;-346;51;-245
-107;-315;42;-248
-103;-238;67;-197
-102;-226;99;-215
-60;-229;156;-165
-109;-211;166;-338
-89;-245;166;-362
-112;-212;203;-383
-89;-144;215;-393
-86;-154;213;-382
-104;-147;180;-407
-77;-64;81;-388
-120;-28;31;-468
-153;44;-3;-399
-92;-9;-56;-358
-97;-21;-96;41
-128;-87;-69;658
-150;-182;-62;-260
-118;-114;-69;-661
-153;-230;-85;-509
-122;-270;-100;-520
-123;-222;-55;-430
-136;-264;-73;-485
-126;-244;-45;-425
-116;-214;-29;-468
-115;-168;-65;-454
-121;-211;-38;-452
-161;-173;-46;-443
-142;-152;-8;-442
-131;-157;-44;-426
-131;-102;-57;-445
-123;-164;-13;-397
-111;-175;-41;-388
-143;-215;-41;-364
-110;-191;-37;-340
-92;-122;-55;-343
-80;-130;-59;-283
-75;-149;-43;-340
-109;-179;-27;-295
-175;-171;-54;-364
-131;-189;-66;-409
-108;-156;-52;-452
-138;-123;-11;-494
-160;-157;-71;-486
-109;-164;-104;-541
-123;-117;-27;-525
-124;-142;-2;-550
-36;-99;-56;-541
-156;-83;-100;-530
20;-137;-57;-548
537;-97;8;-546
132;-90;31;-538
-312;-126;27;-574
-364;-61;67;-549
-200;-65;74;-546
-69;-81;-25;-533
-99;-46;-56;-535
-86;-23;-72;-539
-32;-36;-106;-570
-67;-61;-87;-544
-53;-37;-79;-533
-34;-21;-126;-542
-62;-40;-69;-560
-74;-22;-108;-544
7;15;-63;-574
-32;76;22;-537
-43;32;564;-543
-27;40;1147;-527
-13;32;229;-539
8;-9;-348;-536
29;-22;-109;-511
40;-54;-81;-534
52;-39;-53;-529
40;-19;-83;-512
61;-21;-50;-559
57;43;-75;-494
-28;79;-29;-522
-41;-18;-23;-475
-72;94;-9;-465
-98;549;4;-429
-54;179;59;-368
-107;-136;44;-400
-109;-167;47;-326
-96;-263;89;-443
-101;-32;126;-445
-129;-16;166;-459
-79;43;172;-509
-58;110;197;-466
-71;81;247;-503
-93;126;218;-447
-35;112;218;-529
-95;148;191;-433
-83;161;123;-383
-86;127;67;13
-43;230;5;646
-50;247;-32;-196
-47;258;-61;-610
-47;383;-97;-519
-76;389;-59;-586
0;350;-78;-433
-65;368;-67;-480
-83;326;-45;-448
-45;203;-43;-446
-115;258;-31;-418
-18;246;-61;-438
-23;166;-55;-457
-28;156;-33;-371
-47;107;-44;-461
-7;79;-54;-288
-23;117;-43;-442
-75;160;-66;-721
-48;155;-47;-431
-21;167;-53;-400
-6;175;-61;-364
-42;205;-59;-304
-33;206;-79;-353
11;198;-42;-286
-43;176;-64;-364
-16;107;-47;-344
-12;167;-53;-349
-9;166;-54;-388
-74;141;-52;-370
-7;201;-85;-412
-32;143;-68;-420
0;94;-68;-418
-18;173;-49;-383
-54;181;-35;-402
-17;127;-30;-375
-7;160;-39;-401
-7;149;-65;-369
-22;130;0;-359
53;121;47;-318
83;83;40;-314
8;179;83;-294
29;153;49;-262
6;138;34;-271
-48;156;-17;-274
-25;115;-48;-254
-2;147;-49;-261
-17;132;-99;-269
-17;153;-43;-258
-7;145;-81;-288
-9;121;-69;-264
29;182;-72;-313
-22;235;1;-306
65;236;240;-289
505;215;899;-268
389;291;975;-291
15;296;77;-294
-133;226;-232;-254
-205;146;-138;-224
11;131;-78;-255
76;199;-39;-276
63;120;-83;-247
144;121;-48;-236
115;172;-37;-276
97;195;-14;-277
153;265;-24;-202
122;208;-52;-191
164;541;-9;-193
177;494;-2;-102
145;94;13;-184
196;-15;27;-287
184;-136;36;-283
174;12;88;-284
194;184;72;-291
221;243;133;-250
243;160;165;-254
269;197;148;-226
275;259;171;-270
317;251;148;-209
259;295;115;133
248;290;66;775
172;326;-12;460
140;365;-20;-319
101;361;-66;-321
112;358;-99;-253
133;504;-89;-189
88;533;-98;-189
108;447;-85;-187
111;504;-60;-183
15;506;-58;-200
110;459;-64;-166
99;404;-69;-124
105;311;-29;-116
136;319;-60;-80
122;308;-36;-39
122;248;-31;-21
96;268;-38;6
89;248;-32;41
150;203;-56;70
86;303;-34;100
101;305;-32;169
103;200;-64;167
101;252;-62;163
62;307;-46;163
89;265;-40;104
70;226;-70;80
90;185;-81;29
51;229;-26;-9
53;241;-65;-8
133;202;-76;-41
44;204;-42;-6
32;200;-63;-45
67;218;-50;-19
56;172;-54;-4
65;118;-26;-6
47;189;18;0
38;156;31;38
34;123;39;28
79;128;63;-10
28;182;7;29
32;203;-46;51
20;86;-104;-1
8;81;-109;36
57;165;-92;-10
16;133;-91;4
7;73;-114;-6
44;124;-76;0
9;119;-106;1
2;88;-48;9
20;78;55;9
39;67;668;22
0;67;1097;16
0;102;240;22
-12;134;-205;66
1;114;-138;56
34;76;-136;55
28;63;-45;56
-3;-2;-68;47
-51;8;-27;72
-62;23;-64;79
-33;-73;-31;97
-97;-54;6;70
-84;-53;-1;95
-92;-86;0;110
-69;1;10;131
-103;47;38;190
-14;129;57;211
-117;567;102;191
18;564;129;267
491;104;161;198
65;-311;197;131
-212;-272;187;134
-282;76;209;70
-303;50;201;45
-105;108;216;117
-125;181;177;12
-75;140;105;148
-103;202;83;59
-39;199;19;143
-48;204;-30;384
-83;247;-39;857
-45;252;-54;1023
-45;271;-27;150
-43;330;-37;-113
-13;361;-63;6
-50;397;-22;36
-62;458;5;97
-11;482;-18;36
-30;455;-37;112
-8;435;-37;74
69;365;-22;123
36;309;-12;117
-3;260;-23;137
21;225;-23;124
22;246;-27;200
-57;124;-37;164
-35;119;-49;193
-77;195;-27;230
-145;158;-37;287
-124;176;-47;301
-104;206;-41;347
-179;165;-52;345
-145;135;-23;351
-144;183;-65;341
-212;211;-29;292
-189;172;-28;276
-193;137;-22;250
-219;124;-27;224
-166;105;-32;207
-215;106;-11;175
-209;85;-54;214
-164;98;-9;230
-180;114;47;188
-212;84;88;207
-187;89;124;231
-261;89;113;220
-192;58;47;267
-217;97;0;252
-306;89;18;307
-202;111;-42;296
-231;81;-48;306
-256;-1;-20;313
-229;60;-52;291
-276;68;3;297
-242;60;-39;302
-276;63;20;299
-255;53;89;349
-242;98;643;289
-251;111;1255;301
-297;40;263;295
-245;70;-246;315
-249;69;-78;298
-248;46;-102;328
-214;64;23;288
-214;69;0;315
-246;42;17;315
-222;102;-14;305
-232;170;-14;312
-200;141;29;369
-216;130;44;392
-260;77;32;416
-228;53;44;463
-247;33;110;449
-238;21;67;373
-228;45;111;292
-245;16;140;303
-190;90;154;287
-169;61;207;238
-128;141;224;269
-186;85;237;191
-161;243;265;299
-216;644;242;179
-279;186;229;310
-260;-197;158;577
-258;-321;114;954
-256;-207;42;988
-224;-3;-53;154
-257;-14;-29;30
-255;67;-5;161
-220;70;-74;166
-204;69;-42;184
-185;50;-25;193
179;71;-20;206
204;137;-11;207
-279;106;-18;220
-566;115;-19;207
-430;176;-6;245
-298;181;14;253
-262;230;-14;263
-222;344;-14;319
-160;303;30;347
-184;285;25;397
-209;302;7;393
-190;246;19;384
-177;164;11;435
-163;117;-12;471
-174;135;-17;416
-182;35;-21;418
-179;-9;-10;415
-135;51;-6;370
-98;9;4;302
-147;-47;12;318
-41;16;-12;293
-56;53;-27;278
-4;39;-21;275
11;7;-4;247
-48;28;-3;269
-14;39;-15;280
0;34;-10;270
-73;-5;48;245
-91;-34;99;279
-158;33;88;261
-109;-7;143;255
-144;-86;71;308
-159;-24;13;305
-161;-41;-43;283
-177;-65;-50;265
-139;-56;-45;281
-158;-55;-73;264
-156;-24;-63;240
-114;-83;-73;256
-95;-32;-75;244
-87;-66;-34;219
-83;-83;3;207
-89;-66;308;214
-154;-70;977;203
-84;-62;681;242
-131;-87;-143;227
-98;-59;-175;237
-58;-74;-84;228
-189;-75;-55;267
-149;-107;-46;246
-100;-60;-30;241
-132;-60;-43;256
-112;-54;-62;286
-154;-22;-38;274
-110;-108;-22;243
-133;-64;4;267
-169;-24;31;324
-101;12;27;329
-138;12;43;359
-114;-25;99;400
-111;18;102;271
-157;-72;119;253
-139;-97;167;258
-130;-60;211;230
-119;-107;212;248
-131;-96;229;182
-90;-86;234;257
-99;-126;188;202
-160;-16;156;212
-156;-58;59;224
-99;-16;42;746
-129;467;7;1257
-98;109;-54;408
-93;-204;-74;-177
-96;-256;-91;-103
-115;-378;-103;-47
-89;-157;-72;-14
-47;-155;-60;11
-66;-51;-72;8
-94;-38;-47;22
-21;-43;-48;46
-6;15;-48;51
6;-85;-77;47
-47;3;-59;27
-79;-15;-52;75
-35;0;-81;98
-51;65;-63;88
-42;104;-82;108
-70;111;-58;164
-61;97;-96;194
-26;212;-79;217
-123;195;-73;244
66;153;-80;233
-69;152;-68;230
54;52;-87;205
552;47;-91;144
185;63;-111;92
-194;-27;-47;72
-255;-42;-104;4
-136;-92;-112;5
4;-120;-82;20
12;-120;-76;12
55;-126;-39;-39
8;-110;-7;0
47;-60;0;5
31;-81;30;-21
25;-87;71;16
33;-67;1;21
113;-84;-73;22
117;-106;-96;41
56;-132;-101;62
80;-125;-119;52
140;-131;-84;75
128;-207;-124;96
64;-195;-78;77
132;-163;-83;72
208;-226;-40;71
186;-224;113;81
204;-205;769;44
215;-271;1189;31
219;-264;227;31
178;-259;-270;36
116;-313;-175;37
77;-258;-150;44
89;-319;-83;73
41;-366;-112;57
44;-316;-78;65
37;-361;-84;64
24;-385;-59;74
65;-362;-49;63
89;-410;-60;85
63;-472;-35;73
88;-429;-22;155
69;-379;-4;157
112;-348;12;137
127;-457;5;203
108;-457;54;100
108;-437;43;78
109;-520;62;62
118;-592;108;1
81;-682;127;25
98;-653;122;-6
144;-702;110;25
89;-725;59;-34
66;-718;14;35
106;-802;-11;135
94;-701;-65;775
92;-767;-94;1207
134;-591;-87;291
92;-358;-130;-188
126;-803;-112;-147
131;-1223;-93;-86
137;-1334;-97;-23
125;-1174;-82;-1
99;-1074;-82;0
136;-1097;-109;4
103;-1050;-85;11
97;-1122;-54;56
115;-1114;-80;60
107;-1083;-51;46
127;-1162;-50;85
115;-1213;-101;90
91;-1190;-64;95
104;-1194;-81;136
111;-1192;-50;175
126;-1179;-43;193
134;-1204;-50;219
74;-1123;-81;262
115;-1180;-75;252
112;-1198;-53;226
134;-1222;-60;211
135;-1385;-81;200
101;-1378;-50;171
166;-1572;-70;129
126;-1646;-55;130
129;-1637;-30;106
197;-1689;-3;91
210;-1692;32;96
194;-1744;32;52
148;-1714;96;55
95;-1759;-5;67
124;-1737;-44;36
168;-1767;-57;53
127;-1755;-93;65
164;-1766;-91;61
114;-1760;-135;45
124;-1760;-113;58
139;-1760;-88;82
224;-1760;-73;54
94;-1760;-99;60
215;-1760;-24;52
744;-1760;266;18
390;-1760;908;10
16;-1761;639;5
-25;-1761;-132;-29
38;-1762;-229;-33
167;-1762;-134;-39
148;-1762;-97;-30
198;-1762;-99;-33
187;-1762;-91;-51
208;-1762;-103;-35
179;-1762;-73;-42
239;-1762;-64;-32
228;-1761;-38;-3
195;-1761;-16;27
213;-1761;-36;5
226;-1761;11;58
210;-1761;42;94
188;-1761;20;105
245;-1761;68;154
270;-1761;88;120
257;-1761;93;21
292;-1761;140;-22
294;-1761;160;-32
262;-1762;197;-42
265;-1762;196;-77
289;-1762;168;-39
250;-1762;;-43
212;-1762;;-54
174;-1762;;-63
158;-1762;;120
121;-1762;;854
160;-1762;;992
107;-1762;;-37
90;-1763;;-312
134;-1763;;-162
137;-1763;;-184
143;-1760;;-92
105;-1769;;-107
125;-1755;;-68
138;-1690;;-89
121;-1752;;-33
117;-1771;;-25
125;-1754;;-43
129;-1767;;-20
130;-1760;;34
135;-1765;;78
141;-1760;;68
139;-1760;;114
115;-1760;;136
131;-1760;;141
117;-1760;;138
103;-1760;;177
122;-1760;;183
99;-1761;;152
87;-1761;;94
126;-1761;;45
128;-1761;;11
104;-1761;;-33
88;-1761;;-100
109;-1761;;-97
89;-1761;;-75
101;-1761;;-97
75;-1761;;-134
91;-1762;;-99
104;-1762;;-103
86;-1762;;-105
92;-1762;;-73
49;-1762;;-72
69;-1762;;-98
88;-1762;;-60
67;-1762;;-54
98;-1762;;-73
13;-1762;;-92
0;-1759;;-65
83;-1759;;-122
61;-1759;;-122
30;-1756;;-96
25;-1756;;-122
49;-1751;;-133
92;-1748;;-71
91;-1742;;-100
92;-1724;;-78
53;-1731;;-73
-18;-1721;;-61
43;-1717;;-75
55;-1694;;-87
-12;-1676;;-89
30;-1669;;-102
2;-1665;;-78
7;-1645;;-33
26;-1618;;-70
113;-1558;;-39
-9;-1575;;85
162;-1520;;52
616;-1539;;58
171;-1518;;70
-111;-1490;;6
-107;-1466;;-53
-111;-1458;;-81
47;-1376;;-94
100;-1373;;-113
93;-1397;;-102
44;-1348;;-125
94;-1303;;-147
112;-1288;;-137
137;-1231;;25
114;-1155;;677
68;-1138;;1069
124;-1072;;116
143;-1017;;-315
114;-1012;;-216
112;-1059;;-217
130;-1119;;-160
142;-1052;;-171
177;-994;;-149
201;-979;;-153
197;-914;;-137
204;-980;;-127
198;-867;;-115
204;-797;;-99
119;-834;;-103
81;-454;;-27
73;-424;;8
74;-809;;24
71;-954;;25
-33;-910;;93
